Site,Habitat,Season,Chgouldii,Chmorio,CG/Mormlp,MormII,Mschocean,Nyctspp,Mmacropus,Nspp/Mmacr,Scotspp.,Taustralis,Vdarlingtoni,Vregulus,Vvulturnus,Unidentified,BatSpecies,BatActivity,Col,Dip,Eph,Hem,Lep,Hym,Tri,Manto,Psoc,Orth,Neur,Derm,Bla,Iso,Odo,Plec,Insectabundance,TotalOrder,Moon,NatEx,Bioregion,Size,SQQ,Water Depth,Imp 5km,Imp2km,Imp1km,Imp500m,NDVI2km,NDVI1km,NDVI500m,Trees 5km,Trees2km,Trees1km,Trees500m,House500,House1km,House2km,House5km,Light500m,Light1km,Light2km,Light5km,Road500m,Road1km,Road2km,Road5km,Distriver,Distwetland,Distwater,Distbushland,Aqvegcov,EphemVeg,TreeCoverage,TreesLarge>20dbh.plot,TreesSmall<20dbh.plot,Trees total.plot,Shrubs.plot,Hollows.total,Otherroostsnumber.total,TotalRoost,Distance1sttree,Temp,Humidity
Albert Park,1,1,151,0,6,0,0,10,0,10,8,1,0,0,1,8,7,185,6,20,48,0,13,1,16,0,0,0,0,0,0,0,0,0,104,6,2,2,1,508500,6.352532434,4,307.4648102,319.4008886,451.1150505,1693.27663,0.084813599,0.306702905,0.418516578,154467,16004,8789,1749,13147478.69,52767347.28,135155830.3,542156685.1,63,62.9668655,62.8628387,63,128.9661387,123.1598266,83.29646145,81.31200116,2411.968157,1931.92,1931.92,2546.05,0.01,0.15,0.6,2,0,2,0,0,2,2,15,20.27213836,74.45614465
Albert Park,1,2,38,2,1,0,1,2,0,2,0,5,0,0,1,0,7,50,0,6,3,0,4,0,104,0,0,0,0,0,0,0,0,0,117,4,2,2,1,508500,6.352532434,4,307.4648102,319.4008886,451.1150505,1693.27663,0.084813599,0.306702905,0.418516578,154467,16004,8789,1749,13147478.69,52767347.28,135155830.3,542156685.1,63,62.9668655,62.8628387,63,128.9661387,123.1598266,83.29646145,81.31200116,2411.968157,1931.92,1931.92,2546.05,0.01,0.15,0.6,2,0,2,0,0,2,2,15,12.72739623,72.61192453
Amber,1,1,3,10,0,0,0,2,0,2,0,0,3,1,14,0,6,33,172,330,0,415,686,92,0,0,6,4,2,1,0,0,0,0,1708,9,2,1,4,3353.508,0.511774855,0.5,421.1734571,331.8883749,292.095931,262.411508,0.342352657,0.348152091,0.40214309,39,88,61,135,1917354.505,4842891.597,20304100.95,99664749.85,NA,47.841465,NA,NA,78.70449597,86.28591548,97.33315433,116.2754963,1846.672531,48.64,48.64,2135,0.68,0.3,0.1,1,1,2,0,0,0,0,0.5,20.87728571,73.02131633
Amber,1,2,6,9,1,0,0,0,0,0,0,0,0,0,4,0,5,20,4,50,0,0,1,1,53,0,75,0,0,0,0,0,0,0,184,6,1,1,4,3353.508,0.511774855,0.5,421.1734571,331.8883749,292.095931,262.411508,0.342352657,0.348152091,0.40214309,39,88,61,135,1917354.505,4842891.597,20304100.95,99664749.85,NA,47.841465,NA,NA,78.70449597,86.28591548,97.33315433,116.2754963,1846.672531,48.64,48.64,2135,0.68,0.3,0.1,1,1,2,0,0,0,0,0.5,15.26432075,75.01942265
Avoca,1,1,0,0,0,0,0,0,0,0,0,0,0,0,0,0,0,0,1,17,0,5,22,5,0,0,0,0,0,0,0,0,0,0,50,5,1,NA,1,858.96596,7.9332,1.6,365.6635701,368.5991388,383.8595367,316.000662,0.36610425,0.336628749,0.326112232,22414,46696,9514,2458,818633.1316,6000299.726,59876058.23,198787385.2,61.4252892,61.6584129,61.677597,55.3733139,98.39301478,102.108042,111.2399327,109.5383827,12985.55133,1143.16,1143.16,1532.92,0.54,0.02,0.01,1,0,1,2,0,0,0,1,13.83604444,71.95354444
Avoca,1,2,13,72,1,0,0,4,0,4,0,0,0,0,194,10,6,294,0,5,0,0,4,0,0,0,0,0,0,0,0,0,0,0,9,2,2,NA,1,858.96596,7.9332,1.6,365.6635701,368.5991388,383.8595367,316.000662,0.36610425,0.336628749,0.326112232,22414,46696,9514,2458,818633.1316,6000299.726,59876058.23,198787385.2,61.4252892,61.6584129,61.677597,55.3733139,98.39301478,102.108042,111.2399327,109.5383827,12985.55133,1143.16,1143.16,1532.92,0.54,0.02,0.01,1,0,1,2,0,0,0,1,12.42183962,84.63996226
Banjo,1,1,52,3,0,0,0,0,0,0,2,21,0,0,1,3,6,82,9,99,14,1,40,15,92,0,3,0,0,0,0,0,0,0,273,8,2,NA,1,12219.43247,2.207815151,3,571.229541,476.2737842,479.8386843,455.671998,0.437003906,0.403624277,0.413159921,93405,13882,3521,1338,821017.7263,3824976.873,18606192.97,105832290.4,62.2588234,62.25,61.8728218,58.4257698,103.1109748,116.7419368,119.804383,124.829676,23095.00906,568.71,568.71,5416.28,0.02,0.05,0.2,1,4,5,5,0,1,1,1,20.27213836,74.45614465
Banjo,1,2,17,0,1,0,0,0,0,0,1,24,0,1,0,0,5,44,0,0,0,0,0,0,0,0,0,0,0,0,0,0,0,0,0,0,2,NA,1,12219.43247,2.207815151,3,571.229541,476.2737842,479.8386843,455.671998,0.437003906,0.403624277,0.413159921,93405,13882,3521,1338,821017.7263,3824976.873,18606192.97,105832290.4,62.2588234,62.25,61.8728218,58.4257698,103.1109748,116.7419368,119.804383,124.829676,23095.00906,568.71,568.71,5416.28,0.02,0.05,0.2,1,4,5,5,0,1,1,1,14.37553774,85.50573585
Blackburn,1,1,117,1,7,1,0,0,0,0,8,20,0,0,3,2,8,159,28,149,0,9,174,4,479,0,0,0,0,0,0,0,0,0,843,6,2,1,1,29182.87654,0.407197566,4,251.0859862,207.0490672,221.1669444,198.748348,0.383206261,0.377470931,0.508238903,297097,121273,51420,20254,745791.691,8896710.35,33805582.67,193709512.2,62.4102554,62.4111519,62.2733078,61.947773,103.0092262,105.8820695,106.5984834,108.2186483,7816.414429,2615.07,2615.07,855.73,0.05,1,1,3,36,39,44,4,2,6,2,18.54169811,75.01942265
Blackburn,1,2,0,1,0,0,0,4,0,4,1,2,0,0,6,4,6,18,7,14,0,6,32,1,111,0,0,0,0,0,0,0,0,0,171,6,2,1,1,29182.87654,0.407197566,4,251.0859862,207.0490672,221.1669444,198.748348,0.383206261,0.377470931,0.508238903,297097,121273,51420,20254,745791.691,8896710.35,33805582.67,193709512.2,62.4102554,62.4111519,62.2733078,61.947773,103.0092262,105.8820695,106.5984834,108.2186483,7816.414429,2615.07,2615.07,855.73,0.05,1,1,3,36,39,44,4,2,6,2,15.631,82.39634906
Boardwalk,1,1,0,0,0,0,0,0,0,0,1,0,0,0,0,0,1,1,91,85,0,73,169,20,360,0,0,0,6,0,0,0,0,0,804,7,1,NA,4,9860.6233,0.373400415,3,402.1099257,436.7344472,365.0503437,391.025714,0.301266156,0.293295006,0.320308159,543,390,68,20,3829547.372,5711860.791,19365553.24,113968294.2,62.8235321,62.6777306,62.6010513,58.2276497,90.47282548,89.73396364,103.0156756,112.8465792,7336.440873,705.7,705.7,4099,0.33,1,0.5,1,0,1,5,0,0,0,45,22.19058163,71.19745918
Boardwalk,1,2,0,0,0,0,0,0,0,0,0,0,0,0,1,0,1,1,4,13,3,0,33,0,23,0,0,0,0,0,0,0,0,0,76,5,1,NA,4,9860.6233,0.373400415,3,402.1099257,436.7344472,365.0503437,391.025714,0.301266156,0.293295006,0.320308159,543,390,68,20,3829547.372,5711860.791,19365553.24,113968294.2,62.8235321,62.6777306,62.6010513,58.2276497,90.47282548,89.73396364,103.0156756,112.8465792,7336.440873,705.7,705.7,4099,0.33,1,0.5,1,0,1,5,0,0,0,45,15.26432075,75.01942265
Bonview,1,1,120,158,2,0,35,0,0,0,10,60,0,0,133,20,8,538,178,67,0,15,363,35,37,0,0,0,1,0,0,0,0,0,696,7,2,NA,1,18867.24119,1.778681065,4,261.0079076,302.1442478,297.1921164,264.613151,0.420009668,0.439232649,0.488092976,53065,103081,26816,4535,686359.6478,2736430.17,18644338.88,194881976.8,0,60.4567375,60.2286949,61.4300041,105.5483344,116.9605055,114.3816414,115.4266945,2594.020646,1823.52,1823.52,1172.35,0.04,0.6,0.65,3,0,3,5,1,2,3,2.5,18.40933962,83.67427358
Bonview,1,2,35,12,4,0,0,0,0,0,3,35,0,0,24,3,7,116,87,66,0,43,288,19,74,1,0,0,3,0,0,0,0,0,581,8,2,NA,1,18867.24119,1.778681065,4,261.0079076,302.1442478,297.1921164,264.613151,0.420009668,0.439232649,0.488092976,53065,103081,26816,4535,686359.6478,2736430.17,18644338.88,194881976.8,0,60.4567375,60.2286949,61.4300041,105.5483344,116.9605055,114.3816414,115.4266945,2594.020646,1823.52,1823.52,1172.35,0.04,0.6,0.65,3,0,3,5,1,2,3,2.5,25.62462264,57.5619434
Botanica,1,1,206,13,0,0,5,0,1,1,18,3,8,3,40,22,10,319,239,14,0,71,86,445,14,0,1,2,3,6,0,1,1,0,883,12,2,1,4,3267.23258,0.4702,1.5,259.9942333,263.9358964,276.9740328,226.679342,0.450986109,0.364007695,0.304032205,154467,3980,3806,677,838779.0826,3336584.064,23953711.34,312613762.1,NA,61.7009506,61.5270157,NA,81.99159112,101.1255459,104.8937251,106.1006188,590.6790206,653.66,590.6790206,1659.87,0.04,0.3,0.03,1,0,1,0,0,0,0,8,23.52166981,54.52919811
Botanica,1,2,55,24,2,0,1,2,0,2,5,3,102,1,19,14,11,228,1,31,0,13,74,5,35,0,2,0,2,0,0,0,0,0,163,8,2,1,4,3267.23258,0.4702,1.5,259.9942333,263.9358964,276.9740328,226.679342,0.450986109,0.364007695,0.304032205,154467,3980,3806,677,838779.0826,3336584.064,23953711.34,312613762.1,NA,61.7009506,61.5270157,NA,81.99159112,101.1255459,104.8937251,106.1006188,590.6790206,653.66,590.6790206,1659.87,0.04,0.3,0.03,1,0,1,0,0,0,0,8,17.43372642,69.28090566
Braeside,1,1,28,38,1,0,1,6,0,6,0,2,49,6,56,0,9,187,11,12,0,2,2,0,2,0,0,0,0,0,0,0,0,0,29,5,2,NA,1,4216.98498,0.1359,2,422.7910495,617.2039029,1919.281289,508.691343,0.417728517,0.53895427,0.633466777,9722,10547,3131,3797,1371277.583,4851948.649,19030339.59,366935176.5,61.2696648,61.7848816,61.7491798,62.0805817,123.0421347,119.7668232,114.8510375,112.2707082,21244.14191,422.15,422.15,576.39,0.24,0.6,0.25,0,6,6,15,0,0,0,6,17.37822449,82.64318367
Braeside,1,2,37,20,4,0,3,15,0,15,1,54,9,7,32,3,11,185,35,452,0,0,59,0,21,0,0,0,0,0,0,0,0,0,567,4,2,NA,1,4216.98498,0.1359,2,422.7910495,617.2039029,1919.281289,508.691343,0.417728517,0.53895427,0.633466777,9722,10547,3131,3797,1371277.583,4851948.649,19030339.59,366935176.5,61.2696648,61.7848816,61.7491798,62.0805817,123.0421347,119.7668232,114.8510375,112.2707082,21244.14191,422.15,422.15,576.39,0.24,0.6,0.25,0,6,6,15,0,0,0,6,13.32880612,79.50596939
Brighton,1,1,253,49,20,0,6,7,0,7,24,20,0,0,59,26,9,464,0,18,0,0,56,2,8,0,0,0,2,0,0,0,0,0,86,5,1,1,1,3404.2621,0.692235185,1.5,352.9501372,313.1790894,355.3386073,303.861578,0.364187762,0.406272807,0.543671875,80896,41287,14809,4319,1685922.705,6625051.211,36578318.74,210894655,61.8588219,61.7916336,61.9755363,61.2441902,115.9778668,127.2562837,114.9641203,112.6320181,10312.13124,96.31,96.31,2353.7,0,0,0.01,2,0,2,0,13,4,17,12,15.14527551,71.62809184
Brighton,1,2,112,27,34,0,0,17,4,21,11,10,0,0,72,16,9,303,39,2,0,14,14,118,2,0,0,1,0,0,0,0,0,0,190,7,1,1,1,3404.2621,0.692235185,1.5,352.9501372,313.1790894,355.3386073,303.861578,0.364187762,0.406272807,0.543671875,80896,41287,14809,4319,1685922.705,6625051.211,36578318.74,210894655,61.8588219,61.7916336,61.9755363,61.2441902,115.9778668,127.2562837,114.9641203,112.6320181,10312.13124,96.31,96.31,2353.7,0,0,0.01,2,0,2,0,13,4,17,12,21.67763462,75.01942265
Brodies,1,1,23,1,2,0,1,2,0,2,0,5,147,2,0,0,8,183,0,1,0,0,11,0,0,0,0,0,0,0,0,0,0,0,12,2,1,1,4,7044.78675,1.188704339,2.5,275.9307228,279.7883834,302.7063647,247.793454,0.441629825,0.387254702,0.573921678,81631,14482,3277,672,708232.8815,2954006.391,12915739.15,97616672.13,45.7804871,41.3408394,49.3751106,46.4381485,181.190437,149.7747287,135.003564,118.9360413,4407.12625,81.51,81.51,146.6,0.19,0.3,0.05,1,15,16,0,3,1,4,5,15.58671698,84.25037736
Brodies,1,2,13,0,0,0,0,0,0,0,0,40,55,0,0,1,4,109,0,2,0,0,2,0,0,0,0,0,0,0,0,0,0,0,4,2,2,1,4,7044.78675,1.188704339,2.5,275.9307228,279.7883834,302.7063647,247.793454,0.441629825,0.387254702,0.573921678,81631,14482,3277,672,708232.8815,2954006.391,12915739.15,97616672.13,45.7804871,41.3408394,49.3751106,46.4381485,181.190437,149.7747287,135.003564,118.9360413,4407.12625,81.51,81.51,146.6,0.19,0.3,0.05,1,15,16,0,3,1,4,5,9.3985,85.01804717
Bundoora,1,1,121,13,2,0,0,1,0,1,11,0,0,0,12,12,7,172,0,0,0,0,0,0,0,0,0,0,0,0,0,0,0,0,0,0,1,1,1,1883.70656,0.171959171,3,261.0741336,270.9356643,265.3333488,344.891284,0.460976283,0.49846069,0.49741246,7367,12685,8438,1960,2829056.817,12801241.01,83966742.04,257969663.5,61.8271599,61.6980476,61.8342552,62.4149742,140.1015854,122.6408827,106.4241688,111.1293855,842.0738411,57.24,57.24,786.66,0.11,0.01,0.03,1,0,1,0,0,0,0,12,16.11882653,56.51138776
Bundoora,1,2,61,2,1,0,0,1,0,1,4,16,0,0,4,2,8,91,0,64,0,0,12,2,18,0,0,0,1,0,0,0,0,0,97,5,2,1,1,1883.70656,0.171959171,3,261.0741336,270.9356643,265.3333488,344.891284,0.460976283,0.49846069,0.49741246,7367,12685,8438,1960,2829056.817,12801241.01,83966742.04,257969663.5,61.8271599,61.6980476,61.8342552,62.4149742,140.1015854,122.6408827,106.4241688,111.1293855,842.0738411,57.24,57.24,786.66,0.11,0.01,0.03,1,0,1,0,0,0,0,12,15.69167925,72.17131132
Canterbury,1,1,210,25,2,4,7,7,0,7,13,0,1,0,28,49,11,346,57,6,0,134,21,6,1,0,7,0,1,0,0,0,0,0,233,8,2,2,1,5787.31621,0.655123603,2.6,345.6930736,618.0168038,704.2707478,564.073538,0.40832123,0.319144521,0.416474997,177385,34293,8517,302,960673.8344,4510357.42,18729501.62,108630899,61.2025299,61.4614487,60.4191284,47.439537,118.7722755,147.4873318,124.4210966,114.4526727,10962.90311,1220.03,1220.03,805.34,0.79,1,0.1,5,6,11,2,0,0,0,5,16.95808163,75.01942265
Canterbury,1,2,287,11,11,1,1,6,1,7,6,0,0,0,9,10,10,343,13,1,0,0,4,1,0,0,1,0,2,0,0,1,0,0,23,7,1,2,1,5787.31621,0.655123603,2.6,345.6930736,618.0168038,704.2707478,564.073538,0.40832123,0.319144521,0.416474997,177385,34293,8517,302,960673.8344,4510357.42,18729501.62,108630899,61.2025299,61.4614487,60.4191284,47.439537,118.7722755,147.4873318,124.4210966,114.4526727,10962.90311,1220.03,1220.03,805.34,0.79,1,0.1,5,6,11,2,0,0,0,5,15.81613725,84.71934314
Carramar,1,1,23,2,1,0,7,2,0,2,0,0,0,2,48,1,8,86,0,2,0,1,8,1,0,0,0,0,0,0,0,0,0,0,12,4,1,NA,1,7379.36204,0.0775,2,363.8472654,372.4890936,428.2955867,415.703883,0.446802314,0.338139714,0.34483202,5343,3492,214,170,1890516.175,6352213.471,18455991.14,101283765.3,NA,57.4642868,56.985157,57.3846321,113.2751118,115.3914304,129.9608197,133.5956598,28471.8502,238.77,238.77,329.34,0.02,0,0.01,2,0,2,0,0,2,2,2,14.86576471,73.3275
Carramar,1,2,14,2,2,0,0,2,0,2,0,0,0,0,6,1,6,27,0,4,0,0,13,7,2,0,0,0,0,0,0,0,0,0,26,4,2,NA,1,7379.36204,0.0775,2,363.8472654,372.4890936,428.2955867,415.703883,0.446802314,0.338139714,0.34483202,5343,3492,214,170,1890516.175,6352213.471,18455991.14,101283765.3,NA,57.4642868,56.985157,57.3846321,113.2751118,115.3914304,129.9608197,133.5956598,28471.8502,238.77,238.77,329.34,0.02,0,0.01,2,0,2,0,0,2,2,2,14.43966981,86.00573585
Cherry,1,1,0,3,1,0,0,1,0,1,0,11,0,0,24,2,6,42,581,136,0,194,593,108,1068,0,7,0,0,0,0,0,0,0,2687,7,2,NA,4,605600,2.555963344,4,565.5965752,378.7496625,278.8295053,334.68036,0.187942695,0.316745843,0.277531854,3101,5629,2947,725,717043.2709,21849009.88,61802247.47,140921523.1,62.5,62.7232132,61.6994247,60.9431801,124.8441743,136.4564747,133.3613015,123.6097848,5235.478682,421.42,421.42,7289,0.02,0.6,0.15,1,0,1,0,0,0,0,32,22.88728571,73.40832653
Cherry,1,2,80,0,14,0,0,1,0,1,0,6,0,0,11,4,6,116,0,0,0,0,0,0,0,0,0,0,0,0,0,0,0,0,0,0,2,NA,4,605600,2.555963344,4,565.5965752,378.7496625,278.8295053,334.68036,0.187942695,0.316745843,0.277531854,3101,5629,2947,725,717043.2709,21849009.88,61802247.47,140921523.1,62.5,62.7232132,61.6994247,60.9431801,124.8441743,136.4564747,133.3613015,123.6097848,5235.478682,421.42,421.42,7289,0.02,0.6,0.15,1,0,1,0,0,0,0,32,17.66366038,82.07457547
Croydon,1,1,20,0,0,0,0,0,0,0,1,0,0,0,0,2,3,23,1,9,0,0,20,0,26,0,2,0,0,0,0,0,0,0,58,5,1,2,1,2777.2233,1.857262943,3,291.0950167,330.9138385,424.8864679,574.653595,0.458986296,0.376233578,0.344942434,154467,31400,11260,1583,2482391.821,8270366.801,23245497.09,127143043,61.5487823,59.7990532,58.0966759,NA,85.73627413,106.9695679,114.7752786,106.416669,7899.186466,340.53,340.53,1937,0.35,0.5,0.1,4,0,4,0,0,0,0,11,13.10318367,77.97505102
Croydon,1,2,2,0,0,0,0,0,0,0,1,0,0,0,4,5,4,12,0,0,0,0,0,0,0,0,0,0,0,0,0,0,0,0,0,0,1,2,1,2777.2233,1.857262943,3,291.0950167,330.9138385,424.8864679,574.653595,0.458986296,0.376233578,0.344942434,154467,31400,11260,1583,2482391.821,8270366.801,23245497.09,127143043,61.5487823,59.7990532,58.0966759,NA,85.73627413,106.9695679,114.7752786,106.416669,7899.186466,340.53,340.53,1937,0.35,0.5,0.1,4,0,4,0,0,0,0,11,16.85391509,75.01942265
Edithvale,1,1,4,12,0,0,2,1,0,1,0,14,3,13,15,1,9,65,0,206,739,0,26,172,176,0,0,0,0,0,0,0,0,0,1319,5,1,NA,1,56762.02498,2.423688533,1.8,409.9957702,345.0744461,341.2877232,325.257202,0.392741236,0.476218461,0.498139197,87893,14825,6011,1107,744920.3946,3432624.929,13443925.71,102518499.2,60.0777779,60.5335007,60.0600891,58.4918633,125.4451314,101.3629339,104.7462979,118.7414657,22898.85185,269.54,269.54,2180.39,0.35,0.8,0.02,1,0,1,2,0,0,0,3,13.35240816,77.97505102
Edithvale,1,2,2,32,3,0,0,0,0,0,0,0,3,0,15,0,5,55,2,23,20,0,19,12,0,0,0,0,0,0,0,0,0,0,76,5,2,NA,1,56762.02498,2.423688533,1.8,409.9957702,345.0744461,341.2877232,325.257202,0.392741236,0.476218461,0.498139197,87893,14825,6011,1107,744920.3946,3432624.929,13443925.71,102518499.2,60.0777779,60.5335007,60.0600891,58.4918633,125.4451314,101.3629339,104.7462979,118.7414657,22898.85185,269.54,269.54,2180.39,0.35,0.8,0.02,1,0,1,2,0,0,0,3,13.21654717,85.71477358
Elizabeth,1,1,534,26,14,0,2,13,1,14,11,0,3,3,7,29,11,643,37,121,0,6,77,2,16,0,3,0,0,0,0,0,0,0,262,7,2,1,1,2414.59093,0.792714213,1.5,297.6883586,260.3610526,223.4622176,227.889668,0.436703174,0.464694097,0.5070228,154467,42958,21555,4618,736418.1449,3084124.189,13880628.19,101589807.5,58.5844154,58.9448051,58.082325,48.3116913,109.8524213,119.6933918,116.2142651,120.9928088,9388.110002,56.72,56.72,653.39,0.4,0.9,0.1,10,39,49,1,0,0,0,2,16.06175472,75.95962264
Elizabeth,1,2,125,9,12,0,1,2,0,2,6,42,4,0,3,13,10,217,23,12,0,0,33,5,8,0,0,1,0,0,0,0,0,0,82,6,1,1,1,2414.59093,0.792714213,1.5,297.6883586,260.3610526,223.4622176,227.889668,0.436703174,0.464694097,0.5070228,154467,42958,21555,4618,736418.1449,3084124.189,13880628.19,101589807.5,58.5844154,58.9448051,58.082325,48.3116913,109.8524213,119.6933918,116.2142651,120.9928088,9388.110002,56.72,56.72,653.39,0.4,0.9,0.1,10,39,49,1,0,0,0,2,16.10291176,75.01942265
Elsternwick,1,1,36,0,0,0,0,1,0,1,1,3,0,0,1,0,5,42,5,6,67,0,22,2,185,0,0,0,0,0,0,0,0,0,287,6,1,1,1,14786.77393,0.2182,3,327.4179083,348.9058653,358.3172469,330.350443,0.219536581,0.316510745,0.512213717,679,29724,14033,2769,3421739.719,10495254.99,27247512.31,279249474.3,61.4767494,62.1575394,62.5915031,62.9047623,108.3495506,111.6424441,106.7826486,98.55649829,6046.241542,265.34,265.34,2578.69,0.03,0.4,0.15,3,0,3,0,0,0,0,8,14.57596939,68.40652041
Elsternwick,1,2,160,0,4,0,0,0,0,0,3,6,0,0,0,2,5,175,105,72,4,13,35,2,375,0,0,0,0,5,0,0,0,0,611,8,1,1,1,14786.77393,0.2182,3,327.4179083,348.9058653,358.3172469,330.350443,0.219536581,0.316510745,0.512213717,679,29724,14033,2769,3421739.719,10495254.99,27247512.31,279249474.3,61.4767494,62.1575394,62.5915031,62.9047623,108.3495506,111.6424441,106.7826486,98.55649829,6046.241542,265.34,265.34,2578.69,0.03,0.4,0.15,3,0,3,0,0,0,0,8,22.08543137,60.28662745
Epsom,1,1,0,0,0,0,0,0,0,0,0,0,0,0,0,0,0,0,6,55,0,4,51,1,0,0,0,0,0,0,0,0,0,0,117,5,2,1,1,9880.7366,0.147723685,1.5,417.5978495,386.98235,375.1181098,347.603646,0.238504504,0.344501409,0.32559112,48398,22163,5590,712,900283.5576,3833175.198,13710427.66,357742124.6,60.8390808,61.1404457,60.7568588,61.6100311,102.7428327,108.1683043,107.666006,111.1393307,20205.36077,72.21,72.21,1320.45,0.77,0.8,0,0,2,2,25,0,0,0,11,17.37822449,82.64318367
Epsom,1,2,39,0,39,0,0,0,0,0,0,0,0,0,0,0,2,78,4,25,0,0,35,2,3,0,0,0,0,0,0,0,0,0,69,5,2,1,1,9880.7366,0.147723685,1.5,417.5978495,386.98235,375.1181098,347.603646,0.238504504,0.344501409,0.32559112,48398,22163,5590,712,900283.5576,3833175.198,13710427.66,357742124.6,60.8390808,61.1404457,60.7568588,61.6100311,102.7428327,108.1683043,107.666006,111.1393307,20205.36077,72.21,72.21,1320.45,0.77,0.8,0,0,2,2,25,0,0,0,11,14.03964151,82.10389623
Ferny Crrek,1,1,226,65,3,6,2,2,0,2,5,21,55,33,34,14,12,466,12,39,0,0,7,1,3,0,0,0,0,1,0,2,0,0,65,7,2,NA,2,13890.25303,0.60921403,3.5,396.8556281,434.5583409,415.2109389,398.372436,0.596911923,0.59744516,0.594247133,1340544,183216,41637,14162,712221.1758,2927525.947,11730740.63,99232985.8,50.6707306,53.9439926,49.8341293,39.9247818,157.0470928,169.3563164,164.2692886,145.6788419,11649.19218,1268.26,1268.26,34.84,0.15,0.9,0.4,0,1,1,0,1,0,1,1,16.36488298,75.01942265
Ferny Crrek,1,2,92,125,1,1,17,2,0,2,9,53,108,61,68,10,13,547,2,2,0,1,3,0,0,0,0,0,0,0,0,0,0,0,8,4,1,NA,2,13890.25303,0.60921403,3.5,396.8556281,434.5583409,415.2109389,398.372436,0.596911923,0.59744516,0.594247133,1340544,183216,41637,14162,712221.1758,2927525.947,11730740.63,99232985.8,50.6707306,53.9439926,49.8341293,39.9247818,157.0470928,169.3563164,164.2692886,145.6788419,11649.19218,1268.26,1268.26,34.84,0.15,0.9,0.4,0,1,1,0,1,0,1,1,15.62208824,84.54022549
Greenslope,1,1,44,79,0,0,11,19,6,25,2,1,0,1,43,10,10,216,52,84,0,3,91,28,1,0,1,0,2,0,0,0,0,0,262,8,2,1,2,3346.728,1.0618933,1.1,256.4236141,201.5441078,207.1670988,172.68484,0.449578144,0.487782709,0.538103445,11498,21805,13254,2694,704904.0052,3088627.534,14415228.82,93929742.53,58.5714302,58.1769867,58.4088135,30.3340092,145.1096727,121.2058444,122.240648,119.5777089,6960.489232,1905.11,1905.11,1409.27,0.7,0.95,0.05,3,0,3,0,0,0,0,4,16.25975472,74.73199057
Greenslope,1,2,24,20,0,0,2,2,0,2,1,0,1,0,29,1,8,80,30,3,0,11,65,11,1,0,0,2,0,0,0,0,0,0,123,7,1,1,2,3346.728,1.0618933,1.1,256.4236141,201.5441078,207.1670988,172.68484,0.449578144,0.487782709,0.538103445,11498,21805,13254,2694,704904.0052,3088627.534,14415228.82,93929742.53,58.5714302,58.1769867,58.4088135,30.3340092,145.1096727,121.2058444,122.240648,119.5777089,6960.489232,1905.11,1905.11,1409.27,0.7,0.95,0.05,3,0,3,0,0,0,0,4,17.10803922,79.45126471
Herritage,1,1,5,1,0,0,0,0,0,0,0,0,0,0,0,0,2,6,2,7,0,1,45,5,4,0,0,0,0,0,0,0,0,0,64,6,1,NA,1,15348.09473,0.490627411,3.5,451.7085809,449.02923,432.1609309,442.173587,0.30076523,0.271219735,0.272826926,117289,13341,3568,610,704471.9162,2737630.987,11037555.09,229918835.8,NA,62.0291634,61.7301865,60.4416313,139.8603811,114.4230209,115.197287,114.5129924,18884.93779,126.12,126.12,4000.47,0.43,0.15,0.05,2,0,2,0,0,0,0,2,13.39887755,78.2997449
Herritage,1,2,3,0,0,0,0,0,0,0,0,0,0,0,0,0,1,3,0,20,17,0,9,0,1,0,0,0,0,0,0,0,0,0,47,4,2,NA,1,15348.09473,0.490627411,3.5,451.7085809,449.02923,432.1609309,442.173587,0.30076523,0.271219735,0.272826926,117289,13341,3568,610,704471.9162,2737630.987,11037555.09,229918835.8,NA,62.0291634,61.7301865,60.4416313,139.8603811,114.4230209,115.197287,114.5129924,18884.93779,126.12,126.12,4000.47,0.43,0.15,0.05,2,0,2,0,0,0,0,2,14.22387736,85.50573585
Highlands,1,1,5,1,5,0,0,1,0,1,2,1,185,29,2,1,10,232,1,0,0,0,0,1,0,0,0,0,0,0,0,0,0,0,2,2,1,NA,4,33405.03791,0.712050629,1.5,298.0029427,287.4711854,405.449778,460.862287,0.543748678,0.511964477,0.373897698,44643,7436,1773,594,1167183.213,5261548.071,19558820.22,90084633.31,43.682354,44.5843163,44.6263123,34.2958412,83.7504018,82.03436928,96.77627854,117.2674362,4201.315418,159.91,159.91,847.98,0.01,0.08,0.02,2,0,2,15,0,0,0,21,18.20976697,67.73764149
Highlands,1,2,0,0,0,0,0,0,0,0,0,0,0,0,0,0,0,0,0,6,0,0,2,2,3,0,0,0,0,0,0,0,0,0,13,4,2,NA,4,33405.03791,0.712050629,1.5,298.0029427,287.4711854,405.449778,460.862287,0.543748678,0.511964477,0.373897698,44643,7436,1773,594,1167183.213,5261548.071,19558820.22,90084633.31,43.682354,44.5843163,44.6263123,34.2958412,83.7504018,82.03436928,96.77627854,117.2674362,4201.315418,159.91,159.91,847.98,0.01,0.08,0.02,2,0,2,15,0,0,0,21,9.855669811,82.71540566
Hill Lake,1,1,72,16,2,0,20,1,0,1,0,1,0,0,80,8,8,200,0,0,0,0,0,0,0,0,0,0,0,0,0,0,0,0,0,0,1,NA,1,10235.84198,0.841674242,3,498.2139452,589.5203545,577.1100408,416.447929,0.374778075,0.333178599,0.355758181,359086,19715,5719,529,4751122.999,15835265.72,49598059.77,146568031,61.8076935,61.7970085,61.485878,58.5679436,84.02166087,121.7425908,120.6768473,122.576868,17359.99793,138.04,138.04,646.34,0.01,0,0.15,0,1,1,3,0,1,1,1,13.08907143,75.26493878
Hill Lake,1,2,0,0,0,0,0,0,0,0,0,0,0,0,0,0,0,0,0,0,0,0,0,0,0,0,0,0,0,0,0,0,0,0,0,0,,NA,1,10235.84198,0.841674242,3,498.2139452,589.5203545,577.1100408,416.447929,0.374778075,0.333178599,0.355758181,359086,19715,5719,529,4751122.999,15835265.72,49598059.77,146568031,61.8076935,61.7970085,61.485878,58.5679436,84.02166087,121.7425908,120.6768473,122.576868,17359.99793,138.04,138.04,646.34,0.01,0,0.15,0,1,1,3,0,1,1,1,17.68966997,75.01942265
Illawong,1,1,18,37,0,0,1,1,0,1,0,1,0,0,28,0,6,86,0,3,0,0,15,1,10,0,0,0,0,0,0,0,0,0,29,4,1,NA,1,19966.17526,1.313736252,2.5,370.3839764,394.8685147,429.5348355,547.905518,0.42586755,0.430830868,0.417574152,76603,13551,1492,684,3107192.46,6512302.588,19317818.29,100539749.4,58.1428566,58.0993233,56.8047447,55.1273956,113.1266372,113.2658574,128.8296667,135.7186036,28270.04451,92.94,92.94,140.3,0,0,0.01,0,0,0,0,0,0,0,0,14.87313265,74.26113265
Illawong,1,2,12,1,2,0,0,1,0,1,0,0,0,0,21,2,6,39,0,6,0,0,22,1,12,0,0,0,0,1,0,0,0,0,42,5,2,NA,1,19966.17526,1.313736252,2.5,370.3839764,394.8685147,429.5348355,547.905518,0.42586755,0.430830868,0.417574152,76603,13551,1492,684,3107192.46,6512302.588,19317818.29,100539749.4,58.1428566,58.0993233,56.8047447,55.1273956,113.1266372,113.2658574,128.8296667,135.7186036,28270.04451,92.94,92.94,140.3,0,0,0.01,0,0,0,0,0,0,0,0,14.93775472,86.00573585
Jackropper,1,1,137,1,1,0,0,0,0,0,3,1,0,0,2,8,7,153,0,0,0,0,0,0,0,0,0,0,0,0,0,0,0,0,0,0,1,1,4,51348.70401,5.701208039,3,297.9402645,329.8175793,263.5050245,382.180919,0.407134509,0.459304401,0.473926689,15335,9586,3426,635,830247.8828,4094629.997,33396175.31,129839956.1,0,62.6159859,62.6481667,62.6508331,112.6712555,124.5999602,128.378605,117.4529916,2689.257321,1092.27,1092.27,1072.3,0.03,0.8,0.45,5,3,8,15,0,0,0,3,16.13578302,75.24813208
Jackropper,1,2,9,1,0,0,0,0,0,0,1,2,0,0,0,0,4,13,0,5,2,0,3,2,1,0,0,0,0,0,0,0,0,0,13,5,2,1,4,51348.70401,5.701208039,3,297.9402645,329.8175793,263.5050245,382.180919,0.407134509,0.459304401,0.473926689,15335,9586,3426,635,830247.8828,4094629.997,33396175.31,129839956.1,0,62.6159859,62.6481667,62.6508331,112.6712555,124.5999602,128.378605,117.4529916,2689.257321,1092.27,1092.27,1072.3,0.03,0.8,0.45,5,3,8,15,0,0,0,3,12.43623585,77.06366038
Kalparrin,1,1,37,20,2,0,5,6,0,6,0,1,416,64,21,4,10,576,20,20,0,2,48,0,42,0,1,0,1,0,0,0,0,0,134,7,1,NA,2,8867.179,3.345699894,1.5,256.1164081,247.6530756,262.7098268,208.932285,0.434077775,0.410090396,0.480128632,16425,111496,26265,6525,732139.0028,17574771.83,29335396.24,172548402,60.9102554,60.583149,60.4127846,55.1628647,108.4491821,107.6104388,115.211094,105.3199236,266.2034513,2452.21,266.2034513,899.97,0.01,0.05,0.65,3,2,5,5,1,3,4,1,15.37907547,74.73274528
Kalparrin,1,2,0,0,0,0,0,0,0,0,0,0,0,0,0,0,0,0,0,0,0,0,0,0,0,0,0,0,0,0,0,0,0,0,0,0,,NA,2,8867.179,3.345699894,1.5,256.1164081,247.6530756,262.7098268,208.932285,0.434077775,0.410090396,0.480128632,16425,111496,26265,6525,732139.0028,17574771.83,29335396.24,172548402,60.9102554,60.583149,60.4127846,55.1628647,108.4491821,107.6104388,115.211094,105.3199236,266.2034513,2452.21,266.2034513,899.97,0.01,0.05,0.65,3,2,5,5,1,3,4,1,17.68966997,75.01942265
Kinterbury,1,1,22,0,0,0,0,2,0,2,4,1,0,0,0,1,5,30,190,294,0,72,78,22,116,0,0,0,0,2,0,0,0,0,774,7,2,1,4,1259.51324,1.654573197,2.5,394.3755235,351.5434855,314.2818891,278.067454,0.288536329,0.422146447,0.480349903,442,507,267,236,861359.7641,3254539.582,27610606.22,255702533.7,NA,62.8010788,62.1671486,55.0982666,NA,NA,NA,NA,5850.791528,370.42,370.42,428.65,0.8,0.78,0.05,4,2,6,0,0,0,0,10,20.9505566,60.35906604
Kinterbury,1,2,35,0,1,0,0,0,0,0,6,1,0,0,0,3,5,46,6,10,0,1,3,0,0,0,0,0,0,0,0,0,0,0,20,4,1,1,4,1259.51324,1.654573197,2.5,394.3755235,351.5434855,314.2818891,278.067454,0.288536329,0.422146447,0.480349903,442,507,267,236,861359.7641,3254539.582,27610606.22,255702533.7,NA,62.8010788,62.1671486,55.0982666,NA,NA,NA,NA,5850.791528,370.42,370.42,428.65,0.8,0.78,0.05,4,2,6,0,0,0,0,10,16.14532075,83.61231132
Koonung,1,1,233,2,18,1,0,1,0,1,18,6,0,0,5,20,9,304,3,1,0,0,0,0,0,0,0,0,0,0,0,0,0,0,4,2,2,1,1,2190.03574,0.100762203,1.8,242.9737693,249.3806823,217.2468992,197.73715,0.42581457,0.421429847,0.457673348,154467,82413,20779,4052,813528.3377,20871838.49,50522803.67,174943458.3,61.7374992,61.5767746,61.6731262,62.3493958,109.1773013,113.3908268,117.4834362,113.7519235,4013.114895,105.08,105.08,458.35,0.66,1,0.15,1,4,5,0,0,0,0,6,18.77146226,82.97161321
Koonung,1,2,129,2,2,0,0,1,0,1,0,1,0,0,8,1,7,144,10,3,0,0,20,3,13,0,1,0,0,0,0,0,0,0,50,6,2,1,1,2190.03574,0.100762203,1.8,242.9737693,249.3806823,217.2468992,197.73715,0.42581457,0.421429847,0.457673348,154467,82413,20779,4052,813528.3377,20871838.49,50522803.67,174943458.3,61.7374992,61.5767746,61.6731262,62.3493958,109.1773013,113.3908268,117.4834362,113.7519235,4013.114895,105.08,105.08,458.35,0.66,1,0.15,1,4,5,0,0,0,0,6,20.50174528,68.19516038
Lakewood,1,1,10,40,0,0,1,2,1,3,0,2,120,14,52,0,9,242,2,14,0,0,13,3,4,0,2,0,0,0,0,0,0,0,38,6,1,1,1,42646.74831,0.232753594,3,438.5933096,461.0008654,418.1497881,367.753939,0.371665045,0.401805782,0.457996888,6960,40953,10318,1210,642635.6022,20679692.03,132312179,256380011.4,62.0125008,62.0437889,62.0490913,61.9361649,98.8515387,108.9544862,113.8495833,115.1803792,14539.90716,813.14,813.14,135.75,0.02,1,0.07,3,0,3,0,2,1,3,19,12.95454082,75.01942265
Lakewood,1,2,0,14,4,0,18,1,0,1,0,0,0,0,36,1,6,74,16,28,0,3,222,2,45,0,2,0,0,1,0,0,0,0,319,8,2,1,1,42646.74831,0.232753594,3,438.5933096,461.0008654,418.1497881,367.753939,0.371665045,0.401805782,0.457996888,6960,40953,10318,1210,642635.6022,20679692.03,132312179,256380011.4,62.0125008,62.0437889,62.0490913,61.9361649,98.8515387,108.9544862,113.8495833,115.1803792,14539.90716,813.14,813.14,135.75,0.02,1,0.07,3,0,3,0,2,1,3,19,16.67400943,75.01942265
Landcox,1,1,0,0,7,0,0,1,0,1,9,4,0,0,208,24,6,253,0,2,0,0,16,0,7,0,0,0,0,0,0,0,0,0,25,3,2,2,1,3356.24411,0.189365699,3,328.2643259,315.961281,292.8998543,274.247969,0.347886283,0.341364722,0.365105482,18674,20767,15910,5171,970027.5003,8209725.408,35235728.85,197347981.5,NA,62.0110321,62.3586845,62.8039627,91.25031025,104.5374237,108.4696193,110.3813114,8047.896855,2168.27,2168.27,2575.31,0.1,0.75,0.25,2,0,2,15,5,2,7,3,15.18197959,72.425
Landcox,1,2,182,74,2,0,8,3,0,3,16,6,0,3,143,13,10,450,13,6,12,3,28,29,4,0,2,0,0,0,0,0,0,0,97,8,1,2,1,3356.24411,0.189365699,3,328.2643259,315.961281,292.8998543,274.247969,0.347886283,0.341364722,0.365105482,18674,20767,15910,5171,970027.5003,8209725.408,35235728.85,197347981.5,NA,62.0110321,62.3586845,62.8039627,91.25031025,104.5374237,108.4696193,110.3813114,8047.896855,2168.27,2168.27,2575.31,0.1,0.75,0.25,2,0,2,15,5,2,7,3,22.37198113,75.01942265
Leamington,1,1,8,0,1,0,0,0,0,0,0,0,0,0,0,0,2,9,24,37,0,6,21,17,50,0,0,0,0,0,0,0,0,0,155,6,1,1,4,8830.96619,4.387203424,4,262.5385451,239.8847214,215.5756895,150.65529,0.361941692,0.355098498,0.425569049,25579,21632,5649,1870,1529496.149,4549988.05,15710969.45,210266270.6,62.2678566,62.0947723,62.2377586,62.4511833,123.8790443,139.8751483,136.6622863,114.821269,1360.017144,271.8,271.8,2234.55,0.25,0.6,0.15,0,1,1,0,0,0,0,0.5,16.13578302,75.24813208
Leamington,1,2,3,0,0,0,0,0,0,0,1,5,0,0,1,0,4,10,0,0,0,0,0,0,0,0,0,0,0,0,0,0,0,0,0,0,2,1,4,8830.96619,4.387203424,4,262.5385451,239.8847214,215.5756895,150.65529,0.361941692,0.355098498,0.425569049,25579,21632,5649,1870,1529496.149,4549988.05,15710969.45,210266270.6,62.2678566,62.0947723,62.2377586,62.4511833,123.8790443,139.8751483,136.6622863,114.821269,1360.017144,271.8,271.8,2234.55,0.25,0.6,0.15,0,1,1,0,0,0,0,0.5,17.87166981,75.01942265
Lilydale,1,1,33,9,5,1,4,3,0,3,7,0,11,1,10,63,12,147,5,33,2,3,50,0,31,0,2,0,1,0,1,0,1,0,129,10,2,1,2,319300,0.2569,3,229.0605131,244.1099782,314.7075753,282.822703,0.433318207,0.387943112,0.219095863,164965,61226,13539,4039,745572.3079,3692934.418,14609193.65,87389351.23,NA,53.6597672,53.6172752,21.6865273,153.4437802,118.8413009,136.8819075,136.4907248,6412.546638,329.92,329.92,1627.78,0.03,0.85,0.1,4,66,70,0,46,4,50,2,16.26545283,74.29465094
Lilydale,1,2,33,32,0,14,7,4,2,6,36,3,22,5,42,77,13,277,14,10,23,2,28,2,4,0,0,1,0,0,0,0,0,0,84,8,1,1,2,319300,0.2569,3,229.0605131,244.1099782,314.7075753,282.822703,0.433318207,0.387943112,0.219095863,164965,61226,13539,4039,745572.3079,3692934.418,14609193.65,87389351.23,NA,53.6597672,53.6172752,21.6865273,153.4437802,118.8413009,136.8819075,136.4907248,6412.546638,329.92,329.92,1627.78,0.03,0.85,0.1,4,66,70,0,46,4,50,2,16.3287549,75.01942265
Mill Park,1,1,23,7,3,2,4,2,0,2,1,7,21,2,12,1,12,85,0,0,0,0,0,0,0,0,0,0,0,0,0,0,0,0,0,0,2,NA,4,15321.20884,0.220265545,1.1,258.7868976,274.8028093,297.8475869,231.499918,0.362155322,0.463548073,0.317023164,346,1296,335,39,611326.4801,3263134.912,84700483.69,226543760.1,NA,NA,57.3878098,57.9404755,85.11533325,99.34550565,99.31035404,101.6427525,2473.745001,372.05,372.05,548.35,0.3,0.75,0.03,1,0,1,0,0,0,0,1,21.92839623,59.30427358
Mill Park,1,2,95,38,7,0,15,2,1,3,0,234,59,3,43,5,11,502,0,12,0,0,8,0,0,0,0,0,0,0,0,0,0,0,20,2,2,NA,4,15321.20884,0.220265545,1.1,258.7868976,274.8028093,297.8475869,231.499918,0.362155322,0.463548073,0.317023164,346,1296,335,39,611326.4801,3263134.912,84700483.69,226543760.1,NA,NA,57.3878098,57.9404755,85.11533325,99.34550565,99.31035404,101.6427525,2473.745001,372.05,372.05,548.35,0.3,0.75,0.03,1,0,1,0,0,0,0,1,15.81138679,75.01942265
Monteray,1,1,270,13,3,0,1,6,0,6,13,0,13,6,52,18,10,395,12,14,0,3,128,0,0,2,16,0,0,0,0,0,0,0,175,6,2,2,1,2229.80299,0.541005496,3,264.3314206,232.3127207,234.5714309,238.976742,0.458186078,0.461243206,0.453746257,137,72069,22856,3804,684297.8933,3127807.565,13272692.44,128391096.6,51.7530861,49.5355034,51.8070641,58.3253021,92.89791794,102.8168844,103.1117869,112.8386788,5681.694411,311.77,311.77,963.09,0.8,0.01,1,4,1,5,0,4,2,6,1,15.98055556,74.71175926
Monteray,1,2,91,12,1,1,0,0,0,0,9,1,2,6,13,10,10,146,5,5,0,0,41,0,3,0,2,0,1,0,0,0,0,0,57,6,2,2,1,2229.80299,0.541005496,3,264.3314206,232.3127207,234.5714309,238.976742,0.458186078,0.461243206,0.453746257,137,72069,22856,3804,684297.8933,3127807.565,13272692.44,128391096.6,51.7530861,49.5355034,51.8070641,58.3253021,92.89791794,102.8168844,103.1117869,112.8386788,5681.694411,311.77,311.77,963.09,0.8,0.01,1,4,1,5,0,4,2,6,1,20.21933019,75.01942265
Mt St Joseph,1,1,56,3,0,0,0,0,0,0,0,0,0,0,3,3,4,65,61,54,0,6,96,25,0,0,0,0,0,0,0,0,0,0,242,5,2,NA,4,3935.79101,5.2942,1.8,629.7098323,465.8578096,389.8651587,306.250743,0.395283333,0.344584286,0.432953834,154467,0,490,511,1716925.157,4806951.333,13234342.85,124825766.9,NA,NA,60.3678169,NA,125.0101886,109.7670865,121.545859,134.9001007,8113.48457,637.7,637.7,10005,0.6,1,0.05,0,0,0,0,0,0,0,5,23.5454434,53.69895283
Mt St Joseph,1,2,0,0,1,0,0,1,0,1,0,1,0,0,2,1,5,6,0,0,0,0,0,0,0,0,0,0,0,0,0,0,0,0,0,0,2,NA,4,3935.79101,5.2942,1.8,629.7098323,465.8578096,389.8651587,306.250743,0.395283333,0.344584286,0.432953834,154467,0,490,511,1716925.157,4806951.333,13234342.85,124825766.9,NA,NA,60.3678169,NA,125.0101886,109.7670865,121.545859,134.9001007,8113.48457,637.7,637.7,10005,0.6,1,0.05,0,0,0,0,0,0,0,5,17.66366038,82.07457547
Mullum,1,1,161,12,1,2,1,5,0,5,43,4,15,2,15,44,12,305,101,89,0,10,366,64,55,0,0,0,0,0,0,15,0,0,700,7,2,NA,2,2148.925,0.578301949,0.5,288.3022822,345.8598191,286.1420522,233.153465,0.470358976,0.478491763,0.54171526,154467,90897,40416,16173,937013.4639,3582015.698,24075405.79,174153432.3,51.7073212,48.4491272,51.4131126,NA,105.699263,123.6386654,124.4588251,131.9678493,171.8809833,567.97,171.8809833,128.45,0.32,0.1,0.85,2,2,4,2,3,3,6,2,18.07074528,84.1079717
Mullum,1,2,150,11,11,2,1,5,0,5,15,23,8,4,97,29,12,356,106,203,0,104,133,42,94,0,0,0,0,0,2,0,0,0,684,7,2,NA,2,2148.925,0.578301949,0.5,288.3022822,345.8598191,286.1420522,233.153465,0.470358976,0.478491763,0.54171526,154467,90897,40416,16173,937013.4639,3582015.698,24075405.79,174153432.3,51.7073212,48.4491272,51.4131126,NA,105.699263,123.6386654,124.4588251,131.9678493,171.8809833,567.97,171.8809833,128.45,0.32,0.1,0.85,2,2,4,2,3,3,6,2,24.04886792,57.5619434
Newells,1,1,10,2,0,0,0,0,0,0,0,0,0,0,6,1,4,19,302,323,0,24,119,128,130,0,2,0,23,0,0,0,0,0,1051,8,2,NA,1,9801.61189,0.271219813,2,393.651363,491.5563198,491.708308,529.528762,0.241182692,0.300087374,0.42285427,154467,24422,4772,1008,3205170.368,14514656.44,135729612.2,569072354.4,NA,63,62.9896736,NA,84.69531758,76.78163158,87.16015711,92.42281294,35.19790401,250.81,35.19790401,3791.15,0.47,0.35,0.05,0,40,40,0,0,0,0,2,23.0487037,74.08357407
Newells,1,2,19,11,8,0,0,1,0,1,0,10,0,0,14,0,6,63,0,0,0,0,0,0,0,0,0,0,0,0,0,0,0,0,0,0,1,NA,1,9801.61189,0.271219813,2,393.651363,491.5563198,491.708308,529.528762,0.241182692,0.300087374,0.42285427,154467,24422,4772,1008,3205170.368,14514656.44,135729612.2,569072354.4,NA,63,62.9896736,NA,84.69531758,76.78163158,87.16015711,92.42281294,35.19790401,250.81,35.19790401,3791.15,0.47,0.35,0.05,0,40,40,0,0,0,0,2,16.14532075,83.61231132
Nillumbik,1,1,26,55,4,0,1,0,0,0,0,0,241,0,0,0,5,327,45,28,0,7,66,0,139,0,0,0,0,0,0,0,0,2,287,6,1,NA,2,4639.51353,0.36275327,1.7,258.7434572,241.3215243,228.1257113,220.850906,0.520311496,0.435490849,0.426162633,174742,129103,30244,7971,989051.7804,3173874.912,12161759.04,79648964.52,39.5185204,34.9852715,41.515976,26.8234215,103.1817723,117.6453636,137.6939331,142.0009325,35.83689668,159.3,35.83689668,403.61,0.03,0.92,0.01,1,0,1,0,0,0,0,25,15.13558491,73.12940566
Nillumbik,1,2,23,85,1,0,3,1,0,1,1,1,0,0,3,1,9,119,2,21,0,0,68,2,2,0,0,0,1,0,0,0,0,0,96,6,2,NA,2,4639.51353,0.36275327,1.7,258.7434572,241.3215243,228.1257113,220.850906,0.520311496,0.435490849,0.426162633,174742,129103,30244,7971,989051.7804,3173874.912,12161759.04,79648964.52,39.5185204,34.9852715,41.515976,26.8234215,103.1817723,117.6453636,137.6939331,142.0009325,35.83689668,159.3,35.83689668,403.61,0.03,0.92,0.01,1,0,1,0,0,0,0,25,10.79133019,90.46303774
Old Joes,1,1,43,130,0,0,0,37,11,48,11,0,2,1,179,81,9,495,193,22,0,44,162,2,0,0,0,2,0,2,0,4,0,0,431,8,2,1,1,564.58774,1.7486,0.5,416.7953848,434.3131797,362.3713323,336.280405,0.38216143,0.396383514,0.523679167,36026,58619,26209,10762,741474.8128,3659575.895,18661775.39,183017849.8,61.0506363,61.4050636,59.9362068,26.1358032,112.183931,116.9131901,123.7443736,120.7508992,13365.64673,1048.08,1048.08,665.54,0.01,0.9,1,6,5,11,0,2,0,2,1,17.5620102,75.01942265
Old Joes,1,2,254,88,18,0,0,32,11,43,62,1,3,1,90,91,12,651,13,3,0,0,10,3,0,0,0,0,0,0,0,0,0,0,29,4,2,1,1,564.58774,1.7486,0.5,416.7953848,434.3131797,362.3713323,336.280405,0.38216143,0.396383514,0.523679167,36026,58619,26209,10762,741474.8128,3659575.895,18661775.39,183017849.8,61.0506363,61.4050636,59.9362068,26.1358032,112.183931,116.9131901,123.7443736,120.7508992,13365.64673,1048.08,1048.08,665.54,0.01,0.9,1,6,5,11,0,2,0,2,1,19.22575472,70.23818868
Pezzimenti,1,1,116,42,1,0,0,2,1,3,12,0,40,0,47,7,9,268,37,20,0,1,46,9,40,0,1,1,0,0,0,0,0,0,155,8,2,1,2,1705.2026,0.803566168,1.1,253.8908673,277.4939361,237.5420232,225.474281,0.525222632,0.540094368,0.508453595,89844,94295,33278,6839,698428.2018,3166105.518,16917774.13,95969383.49,39.9350662,32.5249825,44.1686745,13.5847206,105.1838125,126.1824646,121.4391868,118.386694,4493.986148,133.24,133.24,332.13,0.23,0.1,0.4,11,6,17,0,0,5,5,10,16.72983962,74.25118868
Pezzimenti,1,2,22,17,3,0,0,4,1,5,2,0,3,7,70,2,10,131,45,4,0,0,5,21,7,0,0,0,2,0,0,1,0,0,85,7,1,1,2,1705.2026,0.803566168,1.1,253.8908673,277.4939361,237.5420232,225.474281,0.525222632,0.540094368,0.508453595,89844,94295,33278,6839,698428.2018,3166105.518,16917774.13,95969383.49,39.9350662,32.5249825,44.1686745,13.5847206,105.1838125,126.1824646,121.4391868,118.386694,4493.986148,133.24,133.24,332.13,0.23,0.1,0.4,11,6,17,0,0,5,5,10,15.79433333,86.00336275
Queens Park,1,1,48,1,1,0,0,1,0,1,6,1,0,0,1,13,8,72,38,142,0,11,194,9,314,0,0,0,3,0,0,0,0,0,711,7,2,1,1,15090.98209,10.42970356,3,288.1412349,252.9538632,235.3295544,255.085935,0.335771176,0.293458353,0.331536678,1662,11182,6018,2520,2704700.879,9704200.192,29915659.18,380912962.1,62.9404755,62.8928566,62.9515076,62.6421318,89.02352881,99.72325576,108.3955074,104.7551652,979.1171229,1047.62,979.1171229,3228.55,0.01,0,0.4,1,3,4,2,0,4,4,8,22.33513208,59.00648113
Queens Park,1,2,7,0,4,0,0,1,0,1,0,0,0,0,0,0,3,12,1,11,0,1,12,0,40,0,0,0,0,0,0,0,0,0,65,5,2,1,1,15090.98209,10.42970356,3,288.1412349,252.9538632,235.3295544,255.085935,0.335771176,0.293458353,0.331536678,1662,11182,6018,2520,2704700.879,9704200.192,29915659.18,380912962.1,62.9404755,62.8928566,62.9515076,62.6421318,89.02352881,99.72325576,108.3955074,104.7551652,979.1171229,1047.62,979.1171229,3228.55,0.01,0,0.4,1,3,4,2,0,4,4,8,17.87166981,75.01942265
Redleap,1,1,406,24,12,0,2,12,0,12,0,9,0,0,9,30,8,504,154,25,0,34,109,57,3,0,11,1,0,2,0,0,1,0,397,10,2,1,4,15727.85054,0.125402541,3,264.347122,267.5452195,255.7999822,335.845723,0.374409749,0.354565183,0.375012756,154467,21103,6117,1820,4829083.767,6848185.721,87976053.44,238245344.1,61.658535,61.7742996,61.6635704,NA,93.88117579,96.9248162,95.83946799,104.972985,1727.121951,1432.92,1432.92,1417.77,0.28,0.97,0.95,3,8,11,0,1,1,2,2,22.70863208,56.97742453
Redleap,1,2,20,68,16,0,2,2,0,2,1,1,0,0,0,1,8,111,0,6,0,1,9,0,1,0,0,0,0,0,0,0,0,0,17,4,2,1,4,15727.85054,0.125402541,3,264.347122,267.5452195,255.7999822,335.845723,0.374409749,0.354565183,0.375012756,154467,21103,6117,1820,4829083.767,6848185.721,87976053.44,238245344.1,61.658535,61.7742996,61.6635704,NA,93.88117579,96.9248162,95.83946799,104.972985,1727.121951,1432.92,1432.92,1417.77,0.28,0.97,0.95,3,8,11,0,1,1,2,2,17.06696296,75.01942265
Ringwood,1,1,115,1,3,1,0,0,0,0,2,1,0,0,1,2,8,126,7,3,0,2,26,4,1,0,1,0,0,0,0,0,0,0,44,7,2,2,1,12770.11904,0.41560621,2,307.3636082,237.2726296,203.9747629,196.435424,0.396290012,0.377582396,0.352203039,154467,79503,18461,6083,958698.2584,26888132.48,45728352.38,126611778.6,NA,60.4160919,60.658783,NA,98.02011101,113.3869978,116.6085745,107.3157082,7736.296234,1230.4,1230.4,1609.4,0.14,0.8,0.95,2,0,2,14,4,0,4,2.5,13.09537755,78.83516327
Ringwood,1,2,55,1,13,0,0,0,0,0,6,0,1,0,1,4,7,81,0,1,0,0,5,3,0,0,0,0,0,0,0,0,0,0,9,3,1,2,1,12770.11904,0.41560621,2,307.3636082,237.2726296,203.9747629,196.435424,0.396290012,0.377582396,0.352203039,154467,79503,18461,6083,958698.2584,26888132.48,45728352.38,126611778.6,NA,60.4160919,60.658783,NA,98.02011101,113.3869978,116.6085745,107.3157082,7736.296234,1230.4,1230.4,1609.4,0.14,0.8,0.95,2,0,2,14,4,0,4,2.5,16.57081373,82.00577451
Shankland,1,1,0,0,0,0,0,0,0,0,0,0,0,0,0,0,0,0,217,114,0,40,192,13,107,0,13,0,4,4,0,1,0,13,718,11,2,1,4,6253.76891,2.0633,1.8,341.4488838,269.2005593,216.2868356,176.752861,0.381734234,0.360909434,0.411569002,4990,6669,2056,518,649020.381,3621458.241,16387288.41,118602667.2,NA,58.0747147,59.820591,59.9608841,76.4567675,83.85541148,102.0744604,117.3696465,3310.538726,217.06,217.06,189.44,0.44,0.55,0.1,2,0,2,0,0,0,0,13,19.75840566,71.75206604
Shankland,1,2,18,2,2,0,0,0,0,0,0,5,0,0,2,0,5,29,2,0,0,1,1,2,0,0,0,0,0,0,0,0,0,0,6,4,1,1,4,6253.76891,2.0633,1.8,341.4488838,269.2005593,216.2868356,176.752861,0.381734234,0.360909434,0.411569002,4990,6669,2056,518,649020.381,3621458.241,16387288.41,118602667.2,NA,58.0747147,59.820591,59.9608841,76.4567675,83.85541148,102.0744604,117.3696465,3310.538726,217.06,217.06,189.44,0.44,0.55,0.1,2,0,2,0,0,0,0,13,15.63584906,84.90873585
Southern Road,1,1,7,80,0,0,15,0,0,0,0,0,0,0,107,0,4,209,0,63,0,0,20,0,0,0,0,0,0,0,0,0,0,0,83,2,1,NA,1,3046.45888,5.9204,1.6,436.4007451,431.4528127,507.3364255,517.58316,0.398573149,0.351393576,0.306092215,84469,24374,5824,1657,8194609.686,70317826.8,269279001.3,463205604.9,NA,62.2757111,62.2566147,62.1820602,118.0992749,118.7817476,116.1058897,113.1383477,16892.04321,600.61,600.61,1457.19,0.46,0,0,0,0,0,0,0,0,0,0,13.83604444,71.95354444
Southern Road,1,2,22,0,1,0,0,0,0,0,0,4,0,0,12,0,4,39,0,6,0,0,2,0,0,0,0,0,0,0,0,0,0,0,8,2,2,NA,1,3046.45888,5.9204,1.6,436.4007451,431.4528127,507.3364255,517.58316,0.398573149,0.351393576,0.306092215,84469,24374,5824,1657,8194609.686,70317826.8,269279001.3,463205604.9,NA,62.2757111,62.2566147,62.1820602,118.0992749,118.7817476,116.1058897,113.1383477,16892.04321,600.61,600.61,1457.19,0.46,0,0,0,0,0,0,0,0,0,0,12.6364434,84.8059717
Station Waters,1,1,17,0,1,0,0,1,0,1,0,0,0,0,0,1,4,20,62,65,0,105,61,34,90,0,0,0,1,0,0,0,0,0,418,7,2,1,4,11204.83655,0.51209248,2,399.9564736,387.4510616,381.5537766,396.687314,0.36746239,0.34320964,0.359987586,381,2067,1865,984,593302.2887,3445145.025,39124329.83,148012839.5,62.7738152,62.7531128,62.7118988,62.4312286,100.9325131,103.79599,99.77333201,109.4878792,5241.429073,167.09,167.09,6224.53,0.16,0.93,0.1,4,1,5,0,0,0,0,0.5,22.54961321,75.72516981
Station Waters,1,2,71,0,1,0,0,0,0,0,0,0,0,1,5,0,4,78,4,0,0,1,4,9,0,0,0,0,0,1,0,0,0,0,19,5,2,1,4,11204.83655,0.51209248,2,399.9564736,387.4510616,381.5537766,396.687314,0.36746239,0.34320964,0.359987586,381,2067,1865,984,593302.2887,3445145.025,39124329.83,148012839.5,62.7738152,62.7531128,62.7118988,62.4312286,100.9325131,103.79599,99.77333201,109.4878792,5241.429073,167.09,167.09,6224.53,0.16,0.93,0.1,4,1,5,0,0,0,0,0.5,21.69409434,75.01942265
Stockland,1,1,188,9,7,0,0,0,0,0,9,4,34,3,17,4,9,275,169,10,0,33,67,122,0,0,0,2,0,2,0,0,1,0,406,8,2,1,4,8175.31647,0.737209155,1.5,287.1983618,276.3912556,261.0882041,214.722323,0.528369129,0.497202315,0.477694376,98184,17902,6272,1188,798592.7076,4385554.988,20071694.11,118808361.8,45.5121956,38.281662,47.438446,25.8834553,111.4509686,120.3045056,107.007953,117.8737765,626.4474036,1176.23,626.4474036,320.91,0.32,0.95,0.01,1,0,1,0,2,1,3,14,21.92839623,59.30427358
Stockland,1,2,77,8,5,1,0,0,0,0,3,127,43,0,15,3,9,282,5,69,0,0,32,258,8,0,0,0,0,0,0,0,0,0,372,5,2,1,4,8175.31647,0.737209155,1.5,287.1983618,276.3912556,261.0882041,214.722323,0.528369129,0.497202315,0.477694376,98184,17902,6272,1188,798592.7076,4385554.988,20071694.11,118808361.8,45.5121956,38.281662,47.438446,25.8834553,111.4509686,120.3045056,107.007953,117.8737765,626.4474036,1176.23,626.4474036,320.91,0.32,0.95,0.01,1,0,1,0,2,1,3,14,15.25766038,75.01942265
Tim Nev,1,1,2,1,0,0,0,0,0,0,1,2,0,0,1,5,6,12,106,27,0,30,62,6,41,0,0,2,0,3,0,1,0,0,278,9,2,2,1,2676.76667,0.272255071,2.5,407.6010337,366.9289941,315.1189953,336.081247,0.429224945,0.426047797,0.470814437,12475,94530,19189,3951,3132731.862,5751890.08,17346514.28,218168882.2,61.551281,61.348896,60.6848183,NA,116.3705526,132.1063359,127.3204557,122.9876126,13705.7014,1912.88,1912.88,552.74,0.04,0.18,0.1,1,0,1,3,0,1,1,3.5,17.73336735,82.42772449
Tim Nev,1,2,13,3,0,1,1,2,1,3,0,3,2,0,3,2,10,31,6,3,0,0,12,1,2,0,0,0,0,0,0,0,0,0,24,5,1,2,1,2676.76667,0.272255071,2.5,407.6010337,366.9289941,315.1189953,336.081247,0.429224945,0.426047797,0.470814437,12475,94530,19189,3951,3132731.862,5751890.08,17346514.28,218168882.2,61.551281,61.348896,60.6848183,NA,116.3705526,132.1063359,127.3204557,122.9876126,13705.7014,1912.88,1912.88,552.74,0.04,0.18,0.1,1,0,1,3,0,1,1,3.5,17.17919608,75.01942265
Truganina,1,1,0,0,0,0,0,0,0,0,1,0,0,0,6,0,2,7,6,88,0,0,61,5,2,0,0,0,0,0,0,0,0,0,162,5,2,NA,4,21772.47276,1.862732186,3,593.9342532,358.3643306,286.5283504,252.379567,0.296853227,0.459779876,0.336947763,154467,5195,4376,737,851737.0518,3699122.3,12538273.64,120544692.5,61.8470573,62.3495941,60.4679604,31.0595245,82.13297233,117.5848591,121.1134999,131.6774391,8634.72233,447.34,447.34,10592,0.16,0.2,0,0,0,0,0,0,0,0,25,23.67628302,53.93113208
Truganina,1,2,17,1,0,0,0,0,0,0,0,0,0,0,6,1,4,25,69,149,0,2,189,5,9,0,0,1,0,0,0,0,0,0,424,7,2,NA,4,21772.47276,1.862732186,3,593.9342532,358.3643306,286.5283504,252.379567,0.296853227,0.459779876,0.336947763,154467,5195,4376,737,851737.0518,3699122.3,12538273.64,120544692.5,61.8470573,62.3495941,60.4679604,31.0595245,82.13297233,117.5848591,121.1134999,131.6774391,8634.72233,447.34,447.34,10592,0.16,0.2,0,0,0,0,0,0,0,0,25,16.53666981,75.01942265
Valley Reserve,1,1,166,2,4,0,0,4,0,4,9,1,0,0,9,10,8,205,4,3,0,1,6,1,2,0,0,0,0,0,0,0,0,0,17,6,1,1,1,5866.05903,1.152317098,1,323.5884745,273.24243,191.7453986,186.347969,0.372123583,0.422889647,0.463319021,218175,89517,34401,10517,731191.9246,4125895.575,48525647.59,328239582,63,62.6705208,62.7354317,62.8023148,99.32582192,108.3616546,121.7572664,113.2271288,11422.6187,37.14,37.14,340.83,0.71,1,0.05,3,1,4,1,1,1,2,21,12.23743878,76.37856122
Valley Reserve,1,2,3,4,0,0,0,0,0,0,1,6,0,0,1,0,5,15,5,4,0,0,0,3,0,0,0,0,0,0,0,0,0,0,12,3,2,1,1,5866.05903,1.152317098,1,323.5884745,273.24243,191.7453986,186.347969,0.372123583,0.422889647,0.463319021,218175,89517,34401,10517,731191.9246,4125895.575,48525647.59,328239582,63,62.6705208,62.7354317,62.8023148,99.32582192,108.3616546,121.7572664,113.2271288,11422.6187,37.14,37.14,340.83,0.71,1,0.05,3,1,4,1,1,1,2,21,12.42629245,91.33596226
Watervale,1,1,260,0,11,0,0,0,0,0,1,0,0,0,0,1,4,273,6,6,0,3,9,5,4,0,0,0,0,1,0,1,1,0,36,9,2,1,4,1840.66648,0.3681,2,410.4940393,361.0279338,354.3412294,399.403944,0.318510898,0.262527499,0.284162729,12,133,101,90,637839.2781,2780122.832,14447016.51,241006982.1,62.5250015,62.4124985,NA,NA,77.02147332,76.7871864,84.37993068,104.053865,5094.639493,575.07,575.07,2789.18,0.38,0.05,0.4,1,2,3,0,0,0,0,1.5,21.47832075,59.43272642
Watervale,1,2,51,0,3,0,0,0,0,0,1,4,0,0,0,0,4,59,16,13,0,5,39,3,4,0,0,0,0,0,0,0,0,0,80,6,1,1,4,1840.66648,0.3681,2,410.4940393,361.0279338,354.3412294,399.403944,0.318510898,0.262527499,0.284162729,12,133,101,90,637839.2781,2780122.832,14447016.51,241006982.1,62.5250015,62.4124985,NA,NA,77.02147332,76.7871864,84.37993068,104.053865,5094.639493,575.07,575.07,2789.18,0.38,0.05,0.4,1,2,3,0,0,0,0,1.5,16.14532075,83.61231132
Waterways Bowen,1,1,1,0,0,0,0,0,0,0,0,0,0,0,0,0,1,1,12,23,108,0,66,0,25,0,0,0,0,0,0,0,0,0,234,5,2,1,1,82609.82724,3.900861655,1.5,423.1182918,496.9736355,377.2557127,306.618238,0.570225679,0.47577503,0.404752003,19000,9797,3025,257,791456.2183,3550386.523,17230374.68,277178070.4,60.8045959,61.3964577,61.3649292,60.9574547,83.51770013,98.19452264,107.8590491,113.9839331,21999.56675,320.19,320.19,846.46,0.05,0.75,0.05,1,4,5,0,0,0,0,10,16.72460204,85.95959184
Waterways Bowen,1,2,0,0,0,0,0,0,0,0,0,0,0,0,0,0,0,0,2,17,0,1,2,3,0,0,0,0,0,0,0,0,0,0,25,5,2,1,1,82609.82724,3.900861655,1.5,423.1182918,496.9736355,377.2557127,306.618238,0.570225679,0.47577503,0.404752003,19000,9797,3025,257,791456.2183,3550386.523,17230374.68,277178070.4,60.8045959,61.3964577,61.3649292,60.9574547,83.51770013,98.19452264,107.8590491,113.9839331,21999.56675,320.19,320.19,846.46,0.05,0.75,0.05,1,4,5,0,0,0,0,10,13.74963208,79.50596939
Wattle Park,1,1,444,4,0,1,0,2,0,2,103,6,0,0,10,118,9,688,291,422,0,116,290,72,78,0,1,2,0,0,0,1,0,0,1273,9,2,1,1,163.55319,0.343963856,1,220.3522418,208.8131606,206.9347195,204.049558,0.410670578,0.443064164,0.516273337,154467,60958,26820,6482,2209397.149,5969037.351,26486092.1,176955864.7,62.2117691,62.2967796,62.2590446,NA,89.76305008,104.2981383,108.4359465,111.3391571,7103.477653,897.11,897.11,3899.57,0.8,0.98,1,0,2,2,0,2,2,4,10,19.43864151,76.40879245
Wattle Park,1,2,94,6,24,0,0,5,0,5,22,3,0,0,48,31,8,233,13,38,0,18,34,10,5,0,0,1,0,0,0,0,0,0,119,7,2,1,1,163.55319,0.343963856,1,220.3522418,208.8131606,206.9347195,204.049558,0.410670578,0.443064164,0.516273337,154467,60958,26820,6482,2209397.149,5969037.351,26486092.1,176955864.7,62.2117691,62.2967796,62.2590446,NA,89.76305008,104.2981383,108.4359465,111.3391571,7103.477653,897.11,897.11,3899.57,0.8,0.98,1,0,2,2,0,2,2,4,10,16.00137037,75.01942265
Woodland,1,1,35,0,0,0,0,4,0,4,4,0,0,0,5,5,5,53,79,342,0,56,110,26,9,0,0,0,1,1,0,6,0,0,630,9,2,NA,1,5818.52315,1.431279676,2,300.2468067,294.4962087,279.9469961,278.205683,0.374249467,0.346216195,0.385402679,3235,15475,9969,2719,1265311.967,5669690.352,38525230.47,270991135.7,62.9529381,62.9470596,62.9078445,62.720932,89.74668051,119.6289096,121.7829462,115.1593842,1516.570097,3255,1516.570097,546.24,0.05,0.15,0.3,3,1,4,0,0,0,0,30,22.33513208,59.00648113
Woodland,1,2,13,3,0,0,0,2,0,2,0,1,0,0,1,1,6,21,0,0,0,0,0,0,0,0,0,0,0,0,0,0,0,0,0,0,1,NA,1,5818.52315,1.431279676,2,300.2468067,294.4962087,279.9469961,278.205683,0.374249467,0.346216195,0.385402679,3235,15475,9969,2719,1265311.967,5669690.352,38525230.47,270991135.7,62.9529381,62.9470596,62.9078445,62.720932,89.74668051,119.6289096,121.7829462,115.1593842,1516.570097,3255,1516.570097,546.24,0.05,0.15,0.3,3,1,4,0,0,0,0,30,17.22793396,79.1164717
Wurundjeri,1,1,20,0,1,0,0,0,0,0,3,1,0,0,1,1,6,27,8,32,0,4,62,8,3,0,1,0,2,0,0,0,0,0,120,8,2,1,1,3627.42782,0.109144903,1,232.846909,223.4530605,242.3886387,225.699636,0.39258031,0.401554715,0.418304615,154467,30673,15921,3581,18426984.76,26741828.84,48673183.32,187022176.9,62.1500015,62.1948166,62.2955246,NA,107.1301697,111.42499,106.9976522,108.040677,8895.030282,585.98,585.98,1678.22,0.91,1,0.01,0,1,1,0,0,0,0,6,19.04718868,80.89266981
Wurundjeri,1,2,3,1,0,0,0,0,0,0,0,1,0,0,2,0,4,7,16,13,0,5,69,3,4,0,0,0,0,0,0,0,0,0,110,6,2,1,1,3627.42782,0.109144903,1,232.846909,223.4530605,242.3886387,225.699636,0.39258031,0.401554715,0.418304615,154467,30673,15921,3581,18426984.76,26741828.84,48673183.32,187022176.9,62.1500015,62.1948166,62.2955246,NA,107.1301697,111.42499,106.9976522,108.040677,8895.030282,585.98,585.98,1678.22,0.91,1,0.01,0,1,1,0,0,0,0,6,16.49376415,78.95842453
Yarrunga,1,1,268,31,2,2,0,5,4,9,17,13,183,24,33,16,12,598,42,11,0,2,36,0,1,0,0,0,0,0,0,0,0,0,92,5,2,NA,1,2059.90581,0.489632073,3,257.3844224,252.6363544,248.3581712,247.537709,0.490068746,0.434475406,0.47275885,154467,11864,8412,3203,690167.4385,3032744.395,13343361.09,102048367.7,NA,42.1950302,40.1474953,NA,94.1092232,101.1766099,107.651167,112.3441859,4810.207371,387.28,387.28,131.71,0.11,0.15,0.95,3,0,3,0,1,3,4,0.5,12.34410541,81.66465187
Yarrunga,1,2,74,8,0,1,0,1,0,1,17,1,79,18,15,3,10,217,151,19,0,27,112,3,5,3,4,0,7,0,1,0,0,4,336,11,1,NA,1,2059.90581,0.489632073,3,257.3844224,252.6363544,248.3581712,247.537709,0.490068746,0.434475406,0.47275885,154467,11864,8412,3203,690167.4385,3032744.395,13343361.09,102048367.7,NA,42.1950302,40.1474953,NA,94.1092232,101.1766099,107.651167,112.3441859,4810.207371,387.28,387.28,131.71,0.11,0.15,0.95,3,0,3,0,1,3,4,0.5,15.74329412,85.07315686
1 moderate,0,1,240,34,8,1,0,15,0,15,6,70,18,12,21,16,12,441,12,40,0,0,59,9,5,0,0,0,0,0,0,0,0,0,125,5,2,NA,4,230900,NA,NA,416.2280208,346.9455487,328.8682001,316.973745,0.430206987,0.385749386,0.4260916,45154,8187,2357,1081,681712.6576,4812616.361,21389101.38,112645738.9,NA,39.9253082,37.6746025,34.4898834,70.02464761,81.76663975,100.600795,113.645593,1704.823255,557.75,557.75,1393,NA,NA,0.5,NA,NA,NA,NA,1,1,2,NA,23.43881132,52.63608491
1 moderate,0,2,154,24,66,0,1,21,4,25,10,27,10,3,40,14,12,374,10,2,0,0,14,1,0,0,0,0,0,0,0,0,0,0,27,4,1,NA,4,230900,NA,NA,416.2280208,346.9455487,328.8682001,316.973745,0.430206987,0.385749386,0.4260916,45154,8187,2357,1081,681712.6576,4812616.361,21389101.38,112645738.9,NA,39.9253082,37.6746025,34.4898834,70.02464761,81.76663975,100.600795,113.645593,1704.823255,557.75,557.75,1393,NA,NA,0.5,NA,NA,NA,NA,1,1,2,NA,16.14532075,83.61231132
2 open,0,1,1,2,1,0,0,0,0,0,0,0,0,0,0,0,3,4,115,26,0,6,126,26,5,0,0,0,0,0,0,0,0,0,304,6,2,NA,4,866.02595,NA,NA,430.5203753,351.0391482,316.7744206,340.782735,0.395494268,0.468427929,0.232086419,3439,2309,481,16,707916.7102,3072208.584,20488556.34,170018173.1,51.2345695,41.9238205,44.2973366,50.0304184,84.46953504,83.03081732,98.22742982,108.8714942,1156.491199,656.04,656.04,1043,NA,NA,0,NA,NA,NA,NA,0,0,0,NA,23.93521698,50.70835849
2 open,0,2,0,0,0,0,0,0,0,0,0,0,0,0,0,0,0,0,0,0,0,0,0,0,0,0,0,0,0,0,0,0,0,0,0,0,NA,NA,4,866.03,NA,NA,430.5203753,351.0391482,316.7744206,340.782735,0.395494268,0.468427929,0.232086419,3439,2309,481,16,707916.7102,3072208.584,20488556.34,170018173.1,51.2345695,41.9238205,44.2973366,50.0304184,84.46953504,83.03081732,98.22742982,108.8714942,1156.491199,656.04,656.04,1043,NA,NA,0,NA,NA,NA,NA,0,0,0,NA,17.68966997,75.01942265
3 open,0,1,0,0,0,0,0,0,0,0,0,0,0,0,0,0,0,0,0,0,0,0,0,0,0,0,0,0,0,0,0,0,0,0,0,0,NA,NA,4,8574.93605,NA,NA,421.4503437,325.7437195,294.5823864,286.737403,0.59818446,0.337797394,0.347826721,2701,578,711,424,826475.2257,5443401.092,21051756.46,97919839.41,47.841465,39.8375015,38.6269951,11.0924006,88.71352807,87.20239129,99.09845403,121.4074236,2258.181494,339.76,339.76,2389,NA,NA,0,NA,NA,NA,NA,0,0,0,NA,17.68966997,75.01942265
3 open,0,2,6,3,0,0,0,0,0,0,0,0,1,0,2,0,4,12,0,0,0,0,0,0,0,0,0,0,0,0,0,0,0,0,0,0,1,NA,4,8574.94,NA,NA,421.4503437,325.7437195,294.5823864,286.737403,0.59818446,0.337797394,0.347826721,2701,578,711,424,826475.2257,5443401.092,21051756.46,97919839.41,47.841465,39.8375015,38.6269951,11.0924006,88.71352807,87.20239129,99.09845403,121.4074236,2258.181494,339.76,339.76,2389,NA,NA,0,NA,NA,NA,NA,0,0,0,NA,16.14532075,83.61231132
4 moderate,0,1,20,4,0,0,0,3,0,3,1,0,0,0,53,4,6,85,328,32,0,406,194,40,17,0,0,0,1,0,0,0,1,0,1019,8,2,NA,4,233600,NA,NA,677.128941,508.6883188,395.1021409,368.206625,0.326276818,0.363597806,0.379906493,36573,7907,2236,376,904289.8548,4056191.076,15761471.42,141477276.2,62.764164,62.9767418,62.893589,61.6403999,113.5905794,113.2560888,130.8615245,138.9739044,7201.188461,405.51,405.51,8284.9,NA,NA,0.4,NA,NA,NA,NA,0,1,1,NA,22.31856122,69.40986735
4 moderate,0,2,65,18,4,0,0,10,3,13,0,0,0,0,37,2,7,139,0,0,0,0,0,0,0,0,0,0,0,0,0,0,0,0,0,0,2,NA,4,233600,NA,NA,677.128941,508.6883188,395.1021409,368.206625,0.326276818,0.363597806,0.379906493,36573,7907,2236,376,904289.8548,4056191.076,15761471.42,141477276.2,62.764164,62.9767418,62.893589,61.6403999,113.5905794,113.2560888,130.8615245,138.9739044,7201.188461,405.51,405.51,8284.9,NA,NA,0.4,NA,NA,NA,NA,0,1,1,NA,17.66366038,82.07457547
6 moderate,0,1,2,1,0,0,0,0,0,0,0,0,0,0,1,0,3,4,560,5,0,27,39,19,0,0,0,0,0,0,2,0,0,0,652,6,2,NA,4,563500,NA,NA,799.7497744,3748.379809,5751.504861,6146.558854,0.214700925,0.293458118,0.33809915,4252,1904,526,153,735811.2252,3068619.963,15402198.1,124848385.1,63,63,63,62.8832283,376.2473873,229.0807913,209.8942249,143.8444031,8621.013193,1023.61,1023.61,10329,NA,NA,0.02,NA,NA,NA,NA,0,0,0,NA,21.61471698,79.87675472
6 moderate,0,2,8,0,0,0,0,0,0,0,0,0,0,0,1,0,2,9,186,2,0,8,57,14,2,0,0,0,0,0,0,0,0,0,269,6,2,NA,4,563500,NA,NA,799.7497744,3748.379809,5751.504861,6146.558854,0.214700925,0.293458118,0.33809915,4252,1904,526,153,735811.2252,3068619.963,15402198.1,124848385.1,63,63,63,62.8832283,376.2473873,229.0807913,209.8942249,143.8444031,8621.013193,1023.61,1023.61,10329,NA,NA,0.02,NA,NA,NA,NA,0,0,0,NA,17.2344434,82.07457547
8 open,0,1,0,0,0,0,0,0,0,0,0,0,0,0,0,0,0,0,0,0,0,0,0,0,0,0,0,0,0,0,0,0,0,0,0,0,,2,4,16603.97835,NA,NA,411.3969953,366.8576934,354.1444176,352.051948,0.330582971,0.32584163,0.304724583,6411,1288,489,124,590800.8061,4897907.522,18109133.94,116801924,62.1309509,62.5845299,62.2988892,53.11726,92.97476771,89.13677161,94.18438269,113.0117903,8248.897609,496.21,496.21,4762,NA,NA,0.05,NA,NA,NA,NA,0,0,0,NA,16.14532075,83.61231132
8 open,0,2,0,0,0,0,0,0,0,0,0,0,0,0,1,1,2,2,12,11,0,9,216,5,35,0,0,0,1,0,0,0,0,0,289,7,1,2,4,16603.97835,NA,NA,411.3969953,366.8576934,354.1444176,352.051948,0.330582971,0.32584163,0.304724583,6411,1288,489,124,590800.8061,4897907.522,18109133.94,116801924,62.1309509,62.5845299,62.2988892,53.11726,92.97476771,89.13677161,94.18438269,113.0117903,8248.897609,496.21,496.21,4762,NA,NA,0.05,NA,NA,NA,NA,0,0,0,NA,16.14532075,83.61231132
9 high density,0,1,5,0,0,0,0,0,0,0,0,0,0,0,0,1,2,6,0,0,0,0,0,0,0,0,0,0,0,0,0,0,0,0,0,0,2,1,4,11394.2255,NA,NA,513.0009983,398.8927254,277.3512111,250.49144,0.242646374,0.284639532,0.28760468,23403,19433,5678,1732,1368529.92,5749436.087,22580329.37,382471599.4,63,63,63,62.8861122,64.66159269,79.33048254,92.48185052,99.20702125,951.098288,2430.2,951.098288,2310.11,NA,NA,0.75,NA,NA,NA,NA,0,1,1,NA,29.66889796,34.44922449
9 high density,0,2,21,9,11,0,0,0,0,0,2,1,0,0,3,2,7,49,7,1,0,1,22,0,1,0,0,0,0,0,0,0,0,0,32,5,2,1,4,11394.2255,NA,NA,513.0009983,398.8927254,277.3512111,250.49144,0.242646374,0.284639532,0.28760468,23403,19433,5678,1732,1368529.92,5749436.087,22580329.37,382471599.4,63,63,63,62.8861122,64.66159269,79.33048254,92.48185052,99.20702125,951.098288,2430.2,951.098288,2310.11,NA,NA,0.75,NA,NA,NA,NA,0,1,1,NA,17.24228302,75.01942265
10 moderate,0,1,17,3,0,0,0,1,0,1,0,0,0,12,20,1,6,54,32,11,0,120,49,24,4,0,1,0,2,0,0,0,0,0,243,8,2,1,4,11607.43175,NA,NA,447.6488806,422.3468815,450.0623457,472.463289,0.359216359,0.360610508,0.3587761,100871,17186,3759,627,1056113.667,4152530.35,30829685.13,237844516.1,NA,62.9402962,62.9418182,62.914753,105.683126,108.5661099,111.3992732,107.6291538,654.0811161,1278.42,654.0811161,565.54,NA,NA,0.2,NA,NA,NA,NA,0,0,0,NA,22.6981619,75.01942265
10 moderate,0,2,16,10,1,0,1,1,0,1,0,5,0,0,8,0,7,42,13,9,0,7,51,9,2,0,1,0,0,0,0,0,0,0,92,7,2,1,4,11607.43175,NA,NA,447.6488806,422.3468815,450.0623457,472.463289,0.359216359,0.360610508,0.3587761,100871,17186,3759,627,1056113.667,4152530.35,30829685.13,237844516.1,NA,62.9402962,62.9418182,62.914753,105.683126,108.5661099,111.3992732,107.6291538,654.0811161,1278.42,654.0811161,565.54,NA,NA,0.2,NA,NA,NA,NA,0,0,0,NA,17.81808491,75.01942265
11 open,0,1,2,1,1,0,1,0,0,0,0,3,0,0,1,0,6,9,324,112,0,106,477,20,328,0,0,0,0,4,0,1,0,0,1372,8,2,NA,4,280800,NA,NA,404.161412,463.5631194,440.1159504,454.996409,0.386153931,0.392961838,0.4785556,32686,12214,3808,837,612409.7844,4738726.006,27608706.28,158446298.7,62.8333282,62.8121376,62.8342781,62.8139725,70.04180103,87.72625161,106.265906,113.7343154,4448.079849,362.63,362.63,4472.99,NA,NA,0.15,NA,NA,NA,NA,0,0,0,NA,21.39229245,59.83688679
11 open,0,2,2,0,0,0,0,0,0,0,1,0,0,0,0,1,3,4,13,0,0,4,105,2,20,0,0,0,0,0,0,0,0,0,144,5,1,NA,4,280800,NA,NA,404.161412,463.5631194,440.1159504,454.996409,0.386153931,0.392961838,0.4785556,32686,12214,3808,837,612409.7844,4738726.006,27608706.28,158446298.7,62.8333282,62.8121376,62.8342781,62.8139725,70.04180103,87.72625161,106.265906,113.7343154,4448.079849,362.63,362.63,4472.99,NA,NA,0.15,NA,NA,NA,NA,0,0,0,NA,16.14532075,83.61231132
12 open,0,1,2,0,1,0,0,0,0,0,0,7,0,0,0,0,3,10,22,41,0,6,30,10,5,0,1,0,1,0,0,0,0,0,116,8,2,NA,NA,54309.45389,NA,NA,404.7979649,376.0757518,403.2542406,397.5109929,0.395283333,0.398505011,0.422447365,154467,44915,13522,3728,611955.3369,2595682.742,16315779.31,242683135.3,62.8642006,NA,NA,NA,83.40000322,75.88830097,86.87042699,103.3589436,6767.811785,802.7281319,802.7281319,1524.49,NA,NA,0.05,NA,NA,NA,NA,0,1,1,NA,21.36361321,58.48045283
12 open,0,2,0,0,2,0,0,0,0,0,0,0,0,0,0,0,1,2,0,0,0,0,0,0,0,0,0,0,0,0,0,0,0,0,0,0,1,NA,NA,54309.45389,NA,NA,404.7979649,376.0757518,403.2542406,397.5109929,0.395283333,0.398505011,0.422447365,154467,44915,13522,3728,611955.3369,2595682.742,16315779.31,242683135.3,62.8642006,NA,NA,NA,83.40000322,75.88830097,86.87042699,103.3589436,6767.811785,802.7281319,802.7281319,1524.49,NA,NA,0.05,NA,NA,NA,NA,0,1,1,NA,16.64303774,75.01942265
13 open,0,1,23,0,3,0,0,0,0,0,0,4,0,0,0,0,3,30,0,0,0,0,0,0,0,0,0,0,0,0,0,0,0,0,0,0,2,1,4,21393.40353,NA,NA,395.080266,344.3767682,332.817448,314.747967,0.353508973,0.339542129,0.3318381,11533,6139,2304,572,614533.5441,2665431.913,27777546.6,260676879,62.7530861,62.8389282,62.7802162,61.6791954,89.25845983,94.67118576,93.93789946,101.6876726,5066.194109,1046.99,1046.99,1283.44,NA,NA,0.1,NA,NA,NA,NA,0,0,0,NA,21.36361321,58.48045283
13 open,0,2,9,0,0,0,0,1,0,1,0,3,0,0,0,1,4,14,0,0,0,0,0,0,0,0,0,0,0,0,0,0,0,0,0,0,1,1,4,21393.40353,NA,NA,395.080266,344.3767682,332.817448,314.747967,0.353508973,0.339542129,0.3318381,11533,6139,2304,572,614533.5441,2665431.913,27777546.6,260676879,62.7530861,62.8389282,62.7802162,61.6791954,89.25845983,94.67118576,93.93789946,101.6876726,5066.194109,1046.99,1046.99,1283.44,NA,NA,0.1,NA,NA,NA,NA,0,0,0,NA,16.14532075,83.61231132
14 open,0,1,22,0,0,0,0,0,0,0,0,1,0,0,0,0,2,23,0,2,0,1,16,1,1,0,0,0,0,0,0,0,0,0,21,5,1,NA,4,182900,NA,NA,403.2657623,364.5936505,333.7628378,357.817549,0.312934645,0.331973017,0.3611672,8840,1741,858,244,780249.0567,5081181.22,21239235.46,241099154.7,62.9397545,62.8378448,62.7884407,56.9314423,82.85125379,79.17548531,89.90814597,102.9397123,4155.339056,1141.58,1141.58,2392.54,NA,NA,0.02,NA,NA,NA,NA,0,0,0,NA,16.14616038,83.05625472
14 open,0,2,104,1,16,0,0,0,0,0,0,4,0,0,0,1,5,126,4,16,0,5,53,1,1,0,2,0,1,0,0,0,0,0,83,8,1,NA,4,182900,NA,NA,403.2657623,364.5936505,333.7628378,357.817549,0.312934645,0.331973017,0.3611672,8840,1741,858,244,780249.0567,5081181.22,21239235.46,241099154.7,62.9397545,62.8378448,62.7884407,56.9314423,82.85125379,79.17548531,89.90814597,102.9397123,4155.339056,1141.58,1141.58,2392.54,NA,NA,0.02,NA,NA,NA,NA,0,0,0,NA,16.14532075,83.61231132
16 open,0,1,23,10,0,0,0,5,0,5,0,5,0,1,210,1,7,255,0,0,0,0,0,0,0,0,0,0,0,0,0,0,0,0,0,0,1,NA,4,65096.21624,NA,NA,449.188058,498.7230859,443.971037,419.079428,0.409824454,0.404393872,0.3814115,25011,2324,520,116,732281.3583,3056854.466,72715267.17,210648503.1,55.2151909,51.6768188,55.2814484,25.4722843,121.0590404,104.223712,113.9215266,109.5524605,3963.485963,876.35,876.35,2039.4,NA,NA,0.1,NA,NA,NA,NA,0,0,0,NA,20.27722449,75.01942265
16 open,0,2,0,41,0,0,20,0,0,0,0,0,0,0,49,0,3,110,0,0,0,0,0,0,0,0,0,0,0,0,0,0,0,0,0,0,,NA,4,65096.21624,NA,NA,449.188058,498.7230859,443.971037,419.079428,0.409824454,0.404393872,0.3814115,25011,2324,520,116,732281.3583,3056854.466,72715267.17,210648503.1,55.2151909,51.6768188,55.2814484,25.4722843,121.0590404,104.223712,113.9215266,109.5524605,3963.485963,876.35,876.35,2039.4,NA,NA,0.1,NA,NA,NA,NA,0,0,0,NA,20.27722449,75.01942265
18 moderate,0,1,37,9,1,0,0,0,0,0,3,2,0,0,35,0,6,87,70,103,0,24,76,2,3,0,0,0,0,5,0,0,0,0,283,7,2,1,1,17944.82988,NA,NA,310.8984659,304.6634291,347.4070813,343.15039,0.328860333,0.323074164,0.3367788,126753,35348,9944,3066,1035942.268,6050840.438,37905627.78,330066176.4,62.6428566,62.6563034,62.739357,62.8474998,98.76229906,111.0662648,113.6251944,107.1386903,856.9894865,1302.57,856.9894865,2065.83,NA,NA,0.75,NA,NA,NA,NA,1,4,5,NA,22.33513208,59.00648113
18 moderate,0,2,43,0,2,0,0,0,0,0,0,1,0,0,1,0,4,47,3,11,0,1,24,1,3,0,2,0,0,0,0,0,0,0,45,7,2,1,1,17944.82988,NA,NA,310.8984659,304.6634291,347.4070813,343.15039,0.328860333,0.323074164,0.3367788,126753,35348,9944,3066,1035942.268,6050840.438,37905627.78,330066176.4,62.6428566,62.6563034,62.739357,62.8474998,98.76229906,111.0662648,113.6251944,107.1386903,856.9894865,1302.57,856.9894865,2065.83,NA,NA,0.75,NA,NA,NA,NA,1,4,5,NA,17.10363208,75.01942265
19 high density,0,1,276,0,9,0,0,2,0,2,3,1,0,0,0,10,7,301,0,0,0,0,0,0,0,0,0,0,0,0,0,0,0,0,0,0,2,1,1,36981.41534,NA,NA,262.7802917,256.8066836,246.4397428,193.534483,0.216275006,0.201731639,0.2888434,323533,68475,18129,5398,6665905.017,42808974.55,129260417.4,701650393.5,63,62.9941177,62.9701881,62.9119949,59.17482233,64.04642825,71.88749774,85.35346798,1857.289513,440.36,440.36,2261.26,NA,NA,1,NA,NA,NA,NA,3,2,5,NA,17.37822449,82.64318367
19 high density,0,2,220,0,30,0,0,3,2,5,1,0,0,0,1,1,7,258,0,0,0,0,0,0,0,0,0,0,0,0,0,0,0,0,0,0,1,1,1,36981.41534,NA,NA,262.7802917,256.8066836,246.4397428,193.534483,0.216275006,0.201731639,0.2888434,323533,68475,18129,5398,6665905.017,42808974.55,129260417.4,701650393.5,63,62.9941177,62.9701881,62.9119949,59.17482233,64.04642825,71.88749774,85.35346798,1857.289513,440.36,440.36,2261.26,NA,NA,1,NA,NA,NA,NA,3,2,5,NA,23.59703704,75.01942265
20 moderate,0,1,80,1,4,0,0,0,0,0,0,1,0,0,1,3,6,90,45,1,0,1,31,157,0,0,0,0,0,0,0,0,0,0,235,5,1,1,4,48803.91329,NA,NA,312.1624403,438.0792531,355.2013534,344.938155,0.298272607,0.326390245,0.3445509,85755,11492,2619,590,754019.0622,3873752.411,16220461.19,119682489.9,62.5999985,62.4334106,62.4763222,62.1540451,118.6480738,137.9071462,130.4646238,119.2186471,2117.023026,1207.85,1207.85,980.21,NA,NA,0.35,NA,NA,NA,NA,0,0,0,NA,16.577,72.23825472
20 moderate,0,2,26,5,1,0,0,0,0,0,0,7,2,0,1,6,7,48,4,1,0,1,4,6,0,0,0,0,0,0,0,0,0,0,16,5,1,1,4,48803.91329,NA,NA,312.1624403,438.0792531,355.2013534,344.938155,0.298272607,0.326390245,0.3445509,85755,11492,2619,590,754019.0622,3873752.411,16220461.19,119682489.9,62.5999985,62.4334106,62.4763222,62.1540451,118.6480738,137.9071462,130.4646238,119.2186471,2117.023026,1207.85,1207.85,980.21,NA,NA,0.35,NA,NA,NA,NA,0,0,0,NA,16.15018868,75.01942265
22 open,0,1,20,2,1,0,0,1,0,1,2,0,0,0,2,0,6,28,0,0,0,0,0,0,0,0,0,0,0,0,0,0,0,0,0,0,2,1,4,22703.91,NA,NA,254.9617745,287.4762986,400.2067818,343.832003,0.334921055,0.289090864,0.300644,160815,13498,1785,340,936979.5715,4232514.767,16484665.2,256296220.6,61.7073212,61.7291145,61.7740669,61.8154678,153.0674702,146.9233276,127.3044619,109.1871882,773.0085391,1046.21,773.0085391,2006.17,NA,NA,0.02,NA,NA,NA,NA,0,0,0,NA,22.58164151,75.01942265
22 open,0,2,48,0,5,0,0,1,0,1,2,7,3,0,0,0,7,66,1,5,0,1,31,1,2,0,0,0,0,0,0,0,0,0,41,6,2,1,4,22703.91,NA,NA,254.9617745,287.4762986,400.2067818,343.832003,0.334921055,0.289090864,0.300644,160815,13498,1785,340,936979.5715,4232514.767,16484665.2,256296220.6,61.7073212,61.7291145,61.7740669,61.8154678,153.0674702,146.9233276,127.3044619,109.1871882,773.0085391,1046.21,773.0085391,2006.17,NA,NA,0.02,NA,NA,NA,NA,0,0,0,NA,17.32122642,69.74230189
25 high density,0,1,2,1,3,0,0,0,1,1,0,4,0,0,5,2,7,18,20,28,0,8,14,18,1,0,0,0,1,0,0,0,0,0,90,7,2,NA,1,11769.17676,NA,NA,257.5138589,281.4672953,280.949637,280.089959,0.412385975,0.418286671,0.436767473,341302,74966,28393,15118,764357.165,5049904.173,57166316.91,271408485.5,61.4102554,61.5450859,61.4553299,60.763813,95.86332716,99.30493428,99.52929933,107.8570006,2222.966079,337.36,337.36,420.22,NA,NA,0.75,NA,NA,NA,NA,4,4,8,NA,22.58164151,75.01942265
25 high density,0,2,30,1,0,0,0,0,0,0,1,2,0,0,2,1,6,37,0,1,0,4,10,4,2,0,0,0,3,0,0,0,0,0,24,6,2,NA,1,11769.17676,NA,NA,257.5138589,281.4672953,280.949637,280.089959,0.412385975,0.418286671,0.436767473,341302,74966,28393,15118,764357.165,5049904.173,57166316.91,271408485.5,61.4102554,61.5450859,61.4553299,60.763813,95.86332716,99.30493428,99.52929933,107.8570006,2222.966079,337.36,337.36,420.22,NA,NA,0.75,NA,NA,NA,NA,4,4,8,NA,15.76178302,75.01942265
26 high density,0,1,20,10,0,0,0,4,2,6,12,1,6,3,11,14,10,83,111,13,0,2,66,19,3,0,2,0,0,0,0,0,0,0,216,7,1,1,2,42430.61492,NA,NA,261.364561,265.6739658,259.4690051,243.870549,0.515453658,0.516990228,0.508214191,803750,168982,51319,12172,2083948.563,10508603.51,50789071.24,176589971.6,53.7750015,56.3225212,53.505867,53.2188683,121.3322462,140.8420437,156.7707046,121.1015617,193.0063159,641.09,193.0063159,154.76,NA,NA,0.95,NA,NA,NA,NA,0,0,0,NA,17.39133962,75.01942265
26 high density,0,2,5,2,0,0,0,0,0,0,0,0,1,0,1,0,4,9,5,7,0,1,38,16,7,0,0,2,0,0,0,0,0,0,76,7,2,1,2,42430.61492,NA,NA,261.364561,265.6739658,259.4690051,243.870549,0.515453658,0.516990228,0.508214191,803750,168982,51319,12172,2083948.563,10508603.51,50789071.24,176589971.6,53.7750015,56.3225212,53.505867,53.2188683,121.3322462,140.8420437,156.7707046,121.1015617,193.0063159,641.09,193.0063159,154.76,NA,NA,0.95,NA,NA,NA,NA,0,0,0,NA,10.79133019,90.46303774
27 open,0,1,30,7,0,0,0,0,0,0,2,0,5,1,11,0,6,56,48,3,1,17,80,20,0,0,2,0,0,0,2,1,0,0,174,9,2,2,4,15446.9395,NA,NA,266.1424183,262.652415,254.9345676,270.394799,0.451237881,0.428322234,0.53804476,337418,83176,5284,1114,1676155.791,5530501.384,80715553.77,177041123.4,59.7160492,59.9828148,58.8435936,48.7064934,105.0552294,103.6802601,105.0150265,106.3447728,1263.618859,1462.65,1263.618859,457.29,NA,NA,0.06,NA,NA,NA,NA,0,0,0,NA,22.90421698,55.54477358
27 open,0,2,37,5,3,0,1,1,1,2,2,8,10,2,4,1,12,75,4,2,0,0,29,5,0,0,0,0,0,0,0,0,0,0,40,4,1,2,4,15446.9395,NA,NA,266.1424183,262.652415,254.9345676,270.394799,0.451237881,0.428322234,0.53804476,337418,83176,5284,1114,1676155.791,5530501.384,80715553.77,177041123.4,59.7160492,59.9828148,58.8435936,48.7064934,105.0552294,103.6802601,105.0150265,106.3447728,1263.618859,1462.65,1263.618859,457.29,NA,NA,0.06,NA,NA,NA,NA,0,0,0,NA,16.73490566,68.15221698
28 open,0,1,7,1,0,0,0,0,0,0,2,2,0,0,2,2,6,16,43,1,0,84,8,71,0,0,0,0,0,1,0,0,0,0,208,6,2,1,4,121800,NA,NA,255.3175778,292.7801243,258.0245623,247.148974,0.474618794,0.383957869,0.486927391,13726,5538,1509,330,766595.5293,2893976.741,50186371.73,176396257.6,55.0843391,50.6540222,54.3827057,36.8328133,89.00422677,94.82977562,99.32290865,102.2608651,2383.018454,627.15,627.15,168.12,NA,NA,0.02,NA,NA,NA,NA,2,1,3,NA,23.15016981,75.01942265
28 open,0,2,29,0,0,0,1,0,0,0,0,18,0,0,2,0,4,50,1,7,0,1,9,3,0,0,0,0,0,0,0,0,0,0,21,5,2,1,4,121800,NA,NA,255.3175778,292.7801243,258.0245623,247.148974,0.474618794,0.383957869,0.486927391,13726,5538,1509,330,766595.5293,2893976.741,50186371.73,176396257.6,55.0843391,50.6540222,54.3827057,36.8328133,89.00422677,94.82977562,99.32290865,102.2608651,2383.018454,627.15,627.15,168.12,NA,NA,0.02,NA,NA,NA,NA,2,1,3,NA,16.024,75.01942265
30 moderate,0,1,24,3,0,0,0,1,0,1,1,3,0,0,17,2,7,51,2,2,0,9,175,19,4,0,0,1,0,0,1,0,0,0,213,8,1,1,1,86321.85723,NA,NA,251.7611309,255.5306862,261.4483129,261.78657,0.50842206,0.503305646,0.552557713,82679,98617,25494,4267,834957.5553,3664066.304,16528855.77,212054649.1,58.7922134,60.1457176,58.3684425,60.9140968,102.6133563,101.6912797,112.7270662,111.4582414,374.4607935,117.88,117.88,172.49,NA,NA,0.65,NA,NA,NA,NA,0,0,0,NA,15.65470999,75.818758
30 moderate,0,2,18,4,12,0,3,1,0,1,1,0,3,0,12,4,9,58,9,10,0,33,46,18,3,0,0,0,0,0,0,0,0,0,119,6,2,1,1,86321.85723,NA,NA,251.7611309,255.5306862,261.4483129,261.78657,0.50842206,0.503305646,0.552557713,82679,98617,25494,4267,834957.5553,3664066.304,16528855.77,212054649.1,58.7922134,60.1457176,58.3684425,60.9140968,102.6133563,101.6912797,112.7270662,111.4582414,374.4607935,117.88,117.88,172.49,NA,NA,0.65,NA,NA,NA,NA,0,0,0,NA,11.46779245,90.98340566
31 high density,0,1,17,12,0,0,0,3,0,3,0,3,6,31,6,1,8,79,16,16,0,2,51,9,3,0,1,0,0,0,0,0,0,0,98,7,1,NA,2,140600,NA,NA,248.9217895,341.7718255,401.9547087,201.903463,0.609286873,0.608762948,0.542245437,950297,124336,27023,8778,776159.042,3010623.21,12297535.21,82452005.22,NA,15.6518402,17.7925854,17.4547253,180.0442313,229.0345457,240.0287389,185.6222403,3286.124313,221.52,221.52,198.88,NA,NA,0.98,NA,NA,NA,NA,0,0,0,NA,18.19673585,78.2790566
31 high density,0,2,0,2,0,0,2,0,0,0,0,1,0,0,5,0,4,10,10,10,0,12,126,12,3,0,0,0,0,0,0,0,0,0,173,6,2,NA,2,140600,NA,NA,248.9217895,341.7718255,401.9547087,201.903463,0.609286873,0.608762948,0.542245437,950297,124336,27023,8778,776159.042,3010623.21,12297535.21,82452005.22,NA,15.6518402,17.7925854,17.4547253,180.0442313,229.0345457,240.0287389,185.6222403,3286.124313,221.52,221.52,198.88,NA,NA,0.98,NA,NA,NA,NA,0,0,0,NA,12.59588679,90.98340566
32 moderate,0,1,63,1,0,0,0,1,0,1,0,1,5,30,1,3,8,105,39,2,0,1,49,2,0,0,2,0,0,0,0,0,0,0,95,6,2,2,1,27603.44625,NA,NA,243.0668502,274.6313099,255.0814612,322.109965,0.392331174,0.362838204,0.370698513,466502,95399,19560,4107,1240839.396,5663733.013,26087998.8,216663748.2,62.7228889,62.6622772,62.5043945,62.5339813,105.0140288,128.1339083,128.9265454,113.1872595,1498.441882,1416.55,1416.55,1449.5,NA,NA,0.55,NA,NA,NA,NA,0,0,0,NA,18.89198113,81.84533019
32 moderate,0,2,78,1,17,0,0,2,0,2,2,0,0,1,2,1,8,104,113,1,0,10,54,12,2,0,0,0,0,0,0,0,0,0,192,6,1,2,1,27603.44625,NA,NA,243.0668502,274.6313099,255.0814612,322.109965,0.392331174,0.362838204,0.370698513,466502,95399,19560,4107,1240839.396,5663733.013,26087998.8,216663748.2,62.7228889,62.6622772,62.5043945,62.5339813,105.0140288,128.1339083,128.9265454,113.1872595,1498.441882,1416.55,1416.55,1449.5,NA,NA,0.55,NA,NA,NA,NA,0,0,0,NA,25.00692453,42.01990566
33 high density,0,1,80,0,0,0,0,0,0,0,2,1,0,0,1,0,5,84,8,3,0,3,22,2,1,0,0,0,0,0,0,1,0,0,40,7,2,NA,1,353700,NA,NA,284.9749703,280.0747624,304.5462443,424.289844,0.297136258,0.355527598,0.624751638,134771,85668,33689,9032,7999169.218,38938418.29,190025956.1,608444584.1,63,63,63,62.8802872,94.49300813,81.33015013,76.50233742,81.28648703,975.834388,619.84,619.84,1191.32,NA,NA,1,NA,NA,NA,NA,3,1,4,NA,23.59703704,75.01942265
33 high density,0,2,73,0,0,0,0,9,1,10,7,8,0,0,0,6,6,104,37,1,0,1,35,6,0,0,0,0,0,1,0,0,0,0,81,6,1,NA,1,353700,NA,NA,284.9749703,280.0747624,304.5462443,424.289844,0.297136258,0.355527598,0.624751638,134771,85668,33689,9032,7999169.218,38938418.29,190025956.1,608444584.1,63,63,63,62.8802872,94.49300813,81.33015013,76.50233742,81.28648703,975.834388,619.84,619.84,1191.32,NA,NA,1,NA,NA,NA,NA,3,1,4,NA,22.59372549,75.01942265
34 moderate,0,1,23,0,5,0,0,1,0,1,1,14,0,0,0,3,6,47,0,0,0,0,0,0,0,0,0,0,0,0,0,0,0,0,0,0,2,NA,1,53979.77439,NA,NA,229.6252789,214.4338838,217.5395418,217.642516,0.412771335,0.416119393,0.452329851,348857,98867,25197,5992,1161585.611,3923543.902,18113221.54,316469836.9,62.6551743,62.7007484,62.6323204,62.5630302,106.0267017,119.654185,116.2422334,111.3930236,5128.656734,2996.68,2996.68,2068.37,NA,NA,0.68,NA,NA,NA,NA,0,0,0,NA,17.85422538,82.97313315
34 moderate,0,2,14,1,1,0,1,0,0,0,1,0,0,0,2,0,6,20,49,3,0,14,44,16,2,0,1,0,1,0,0,1,0,0,131,9,1,NA,1,53979.77439,NA,NA,229.6252789,214.4338838,217.5395418,217.642516,0.412771335,0.416119393,0.452329851,348857,98867,25197,5992,1161585.611,3923543.902,18113221.54,316469836.9,62.6551743,62.7007484,62.6323204,62.5630302,106.0267017,119.654185,116.2422334,111.3930236,5128.656734,2996.68,2996.68,2068.37,NA,NA,0.68,NA,NA,NA,NA,0,0,0,NA,23.59703704,75.01942265
35 moderate,0,1,201,49,1,0,0,2,1,3,13,0,0,0,27,25,8,319,134,24,0,17,232,13,12,0,0,1,2,0,0,0,0,0,435,8,2,NA,NA,54309.45389,NA,NA,255.2752027,376.0757518,403.2542406,397.5109929,0.395283333,0.398505011,0.422447365,154467,9290,9861,3728,15324276.92,19547147.37,36158321.97,174909296.2,62.1818199,62.1753273,62.2727051,NA,83.01701621,96.7836925,103.7368049,109.0774733,6767.811785,802.7281319,802.7281319,310.9,NA,NA,1,NA,NA,NA,NA,0,0,0,NA,18.99949091,80.60021818
35 moderate,0,2,140,6,38,0,0,1,0,1,3,1,2,0,6,6,9,203,72,37,0,58,136,13,6,0,0,0,1,0,0,0,0,0,323,7,2,NA,NA,54309.45389,NA,NA,255.2752027,376.0757518,403.2542406,397.5109929,0.395283333,0.398505011,0.422447365,154467,9290,9861,3728,15324276.92,19547147.37,36158321.97,174909296.2,62.1818199,62.1753273,62.2727051,NA,83.01701621,96.7836925,103.7368049,109.0774733,6767.811785,802.7281319,802.7281319,310.9,NA,NA,1,NA,NA,NA,NA,0,0,0,NA,20.86039623,75.01942265
36 high density,0,1,43,6,2,0,0,0,0,0,1,0,0,2,9,2,7,65,16,4,0,19,22,6,0,0,1,0,0,0,0,0,0,0,68,6,2,NA,2,2291.14814,NA,NA,254.2422629,243.8018844,230.2306316,185.219113,0.492405086,0.478831071,0.514880823,976036,103366,32824,11984,816041.3701,3269920.608,13262871.46,117280206.9,47.296299,40.5009804,39.9821968,42.6659622,108.7402838,111.6333232,104.7317055,115.3971719,4385.754525,348.17,348.17,1090.91,NA,NA,0.89,NA,NA,NA,NA,0,1,1,NA,16.75966038,75.01942265
36 high density,0,2,85,2,0,0,0,2,0,2,20,9,1,0,1,40,8,160,51,46,0,70,177,36,17,0,1,1,2,0,5,0,0,1,407,11,2,NA,2,2291.14814,NA,NA,254.2422629,243.8018844,230.2306316,185.219113,0.492405086,0.478831071,0.514880823,976036,103366,32824,11984,816041.3701,3269920.608,13262871.46,117280206.9,47.296299,40.5009804,39.9821968,42.6659622,108.7402838,111.6333232,104.7317055,115.3971719,4385.754525,348.17,348.17,1090.91,NA,NA,0.89,NA,NA,NA,NA,0,1,1,NA,24.04886792,90.98340566
37 high density,0,1,42,47,1,0,0,10,0,10,2,24,9,7,134,4,10,280,163,20,0,6,839,14,19,0,0,2,0,0,0,1,0,0,1064,8,2,NA,2,20004.69043,NA,NA,287.6418195,284.0421377,273.4484976,328.527582,0.555527807,0.552562235,0.537505566,294917,226160,69286,15388,863198.1358,5799534.994,21794667.28,136442909.5,30.7820511,31.0518818,32.07658,38.1641693,204.4869983,207.6491047,182.8254725,144.4811722,1690.278137,752.76,752.76,752.55,NA,NA,1,NA,NA,NA,NA,0,2,2,NA,22.18849616,66.96336108
37 high density,0,2,0,70,0,0,13,0,0,0,0,0,0,0,15,0,3,98,0,0,0,0,0,0,0,0,0,0,0,0,0,0,0,0,0,0,2,NA,2,20004.69043,NA,NA,287.6418195,284.0421377,273.4484976,328.527582,0.555527807,0.552562235,0.537505566,294917,226160,69286,15388,863198.1358,5799534.994,21794667.28,136442909.5,30.7820511,31.0518818,32.07658,38.1641693,204.4869983,207.6491047,182.8254725,144.4811722,1690.278137,752.76,752.76,752.55,NA,NA,1,NA,NA,NA,NA,0,2,2,NA,22.18849616,66.96336108
38 high density,0,1,50,0,0,0,0,0,0,0,2,3,1,0,4,2,6,62,91,1,0,2,86,120,0,0,0,0,0,11,0,0,0,0,311,6,2,1,1,25986.62744,NA,NA,347.3099759,442.8104278,476.2448425,499.773131,0.446980277,0.451302735,0.43790163,490837,86018,22340,9541,777725.6268,3055379.884,12057938.07,236727821,62.0493813,61.9475594,61.9393501,61.8897362,83.59419396,107.6776145,111.8132,106.303954,10311.46987,1200.22,1200.22,415.4,NA,NA,0.85,NA,NA,NA,NA,0,2,2,NA,17.85422538,82.97313315
38 high density,0,2,50,2,2,0,0,0,0,0,0,8,0,0,2,0,5,64,51,13,0,17,93,3,12,0,0,0,0,1,0,0,0,0,190,7,2,1,1,25986.62744,NA,NA,347.3099759,442.8104278,476.2448425,499.773131,0.446980277,0.451302735,0.43790163,490837,86018,22340,9541,777725.6268,3055379.884,12057938.07,236727821,62.0493813,61.9475594,61.9393501,61.8897362,83.59419396,107.6776145,111.8132,106.303954,10311.46987,1200.22,1200.22,415.4,NA,NA,0.85,NA,NA,NA,NA,0,2,2,NA,16.83195283,76.7615
39 moderate,0,1,36,2,3,0,0,1,1,2,0,4,0,0,4,2,8,53,19,9,0,3,79,2,0,0,0,0,3,0,0,0,0,0,115,6,2,1,1,79299.30966,NA,NA,303.4611042,417.6737469,337.165565,331.00136,0.415898432,0.446041721,0.519027106,149559,77979,18460,6444,2248162.141,6025097.849,23967464.02,132203051.2,61.5875015,61.4833984,61.0461273,60.204052,127.1264693,110.7106399,115.7165702,106.2052767,8762.512762,803.73,803.73,3097.44,NA,NA,0.65,NA,NA,NA,NA,1,0,1,NA,16.75966038,75.01942265
39 moderate,0,2,30,2,0,0,0,2,0,2,1,1,0,0,11,0,7,47,1,1,0,1,84,1,0,0,1,0,0,0,0,0,0,0,89,6,1,1,1,79299.30966,NA,NA,303.4611042,417.6737469,337.165565,331.00136,0.415898432,0.446041721,0.519027106,149559,77979,18460,6444,2248162.141,6025097.849,23967464.02,132203051.2,61.5875015,61.4833984,61.0461273,60.204052,127.1264693,110.7106399,115.7165702,106.2052767,8762.512762,803.73,803.73,3097.44,NA,NA,0.65,NA,NA,NA,NA,1,0,1,NA,17.49127358,79.94356604
40 high density,0,1,13,21,0,0,0,4,1,5,0,0,1,0,133,2,7,175,66,90,0,6,382,18,21,0,0,1,0,0,0,0,0,0,584,7,2,NA,2,94199.99621,NA,NA,247.3748619,208.1256931,239.8980193,301.303922,0.530705397,0.528653629,0.614329723,965886,170332,50164,10614,875681.7502,3283202.177,12565584.85,89837346.76,NA,50.9506187,50.8385086,44.094368,110.3512951,127.4517036,137.1570303,131.0473363,8503.84927,717.04,717.04,947.34,NA,NA,0.85,NA,NA,NA,NA,1,2,3,NA,14.88914151,78.12130189
40 high density,0,2,0,0,0,0,0,0,0,0,0,0,0,0,0,0,0,0,0,0,0,0,0,0,0,0,0,0,0,0,0,0,0,0,0,0,2,NA,2,94199.99621,NA,NA,247.3748619,208.1256931,239.8980193,301.303922,0.530705397,0.528653629,0.614329723,965886,170332,50164,10614,875681.7502,3283202.177,12565584.85,89837346.76,NA,50.9506187,50.8385086,44.094368,110.3512951,127.4517036,137.1570303,131.0473363,8503.84927,717.04,717.04,947.34,NA,NA,0.85,NA,NA,NA,NA,1,2,3,NA,14.88914151,78.12130189
41 high density,0,1,65,7,18,0,0,5,1,6,1,2,3,0,13,2,10,117,17,3,0,4,52,4,1,0,2,0,0,0,0,0,0,0,83,7,2,1,2,6420.48118,NA,NA,252.9194401,235.7741491,232.1200716,188.8617,0.525270684,0.570958687,0.537821319,573565,212266,66185,13013,792106.8281,3028795.186,11976582.88,85264974.16,36.7750015,41.3909798,37.1898308,16.4279881,140.6998431,154.6207639,169.6558079,151.5748657,10548.72274,649.61,649.61,539.65,NA,NA,0.95,NA,NA,NA,NA,0,4,4,NA,15.14685849,78.34390566
41 high density,0,2,13,2,0,1,0,2,1,3,0,3,2,0,3,2,9,29,12,4,0,1,13,1,0,0,0,0,0,0,0,0,0,0,31,5,1,1,2,6420.48118,NA,NA,252.9194401,235.7741491,232.1200716,188.8617,0.525270684,0.570958687,0.537821319,573565,212266,66185,13013,792106.8281,3028795.186,11976582.88,85264974.16,36.7750015,41.3909798,37.1898308,16.4279881,140.6998431,154.6207639,169.6558079,151.5748657,10548.72274,649.61,649.61,539.65,NA,NA,0.95,NA,NA,NA,NA,0,4,4,NA,14.72606863,87.31934314
43 moderate,0,1,0,0,0,0,0,0,0,0,0,0,0,0,3,0,1,3,0,1,0,1,17,0,0,0,0,0,0,0,0,0,0,0,19,3,1,NA,1,11857.23738,NA,NA,335.1435342,326.8126335,347.0851912,382.946772,0.220469674,0.297439538,0.365038353,188174,61787,18160,5038,4069164.636,12557674.54,28871092.55,143451181,60,61.0750198,61.3260956,61.5111237,123.6437746,110.4690746,106.4421699,111.3776923,8321.275589,2159.8,2159.8,2220.4,NA,NA,0.6,NA,NA,NA,NA,0,0,0,NA,15.20726,64.93488
43 moderate,0,2,34,0,0,0,0,0,0,0,0,5,0,0,1,1,4,41,11,0,0,2,11,3,1,0,1,0,0,0,0,1,0,0,30,7,1,NA,1,11857.23738,NA,NA,335.1435342,326.8126335,347.0851912,382.946772,0.220469674,0.297439538,0.365038353,188174,61787,18160,5038,4069164.636,12557674.54,28871092.55,143451181,60,61.0750198,61.3260956,61.5111237,123.6437746,110.4690746,106.4421699,111.3776923,8321.275589,2159.8,2159.8,2220.4,NA,NA,0.6,NA,NA,NA,NA,0,0,0,NA,22.97242157,75.01942265
44 moderate,0,1,149,21,20,2,0,2,0,2,1,0,0,3,32,0,8,230,1,5,0,3,31,26,4,0,0,0,0,0,0,0,0,0,70,6,2,1,3,13688.36608,NA,NA,431.506653,420.9693104,395.3914413,414.094545,0.358015527,0.360351006,0.343265835,21725,11273,1779,252,1097127.732,3178902.437,17194806.01,179834650.3,59.6235237,NA,NA,54.748703,90.0535061,92.46329779,100.803629,113.6189307,824.7731516,1267.69,824.7731516,931.7,NA,NA,0.75,NA,NA,NA,NA,0,0,0,NA,22.74476415,54.7659434
44 moderate,0,2,35,20,3,0,4,7,9,16,1,1,2,0,19,1,11,102,0,8,0,1,106,10,29,0,0,0,1,0,0,0,0,0,155,6,1,1,3,13688.36608,NA,NA,431.506653,420.9693104,395.3914413,414.094545,0.358015527,0.360351006,0.343265835,21725,11273,1779,252,1097127.732,3178902.437,17194806.01,179834650.3,59.6235237,NA,NA,54.748703,90.0535061,92.46329779,100.803629,113.6189307,824.7731516,1267.69,824.7731516,931.7,NA,NA,0.75,NA,NA,NA,NA,0,0,0,NA,16.14532075,83.61231132
45 open,0,1,9,0,1,0,0,0,0,0,0,0,0,0,2,0,3,12,38,1,0,12,30,45,0,0,0,0,0,0,0,0,0,0,126,5,1,NA,NA,54309.45389,NA,NA,349.2416893,376.0757518,403.2542406,397.5109929,0.395283333,0.398505011,0.422447365,154467,44915,13522,3728,NA,NA,NA,NA,NA,NA,NA,NA,NA,NA,NA,NA,6767.811785,802.7281319,802.7281319,NA,NA,NA,NA,NA,NA,NA,NA,NA,NA,NA,NA,16.49072642,72.71233962
45 open,0,2,6,0,4,0,0,0,0,0,0,2,0,0,0,0,3,12,0,0,0,0,2,1,0,0,0,0,0,0,0,0,0,0,3,2,1,NA,NA,54309.45389,NA,NA,349.2416893,376.0757518,403.2542406,397.5109929,0.395283333,0.398505011,0.422447365,154467,44915,13522,3728,NA,NA,NA,NA,NA,NA,NA,NA,NA,NA,NA,NA,6767.811785,802.7281319,802.7281319,NA,NA,NA,NA,NA,NA,NA,NA,NA,NA,NA,NA,16.15018868,75.01942265
